-- MySQL dump 10.14  Distrib 5.5.46-MariaDB, for debian-linux-gnu (x86_64)
--
-- Host: localhost    Database: unite_web
-- ------------------------------------------------------
-- Server version	5.5.46-MariaDB-1ubuntu0.14.04.2

/*!40101 SET @OLD_CHARACTER_SET_CLIENT=@@CHARACTER_SET_CLIENT */;
/*!40101 SET @OLD_CHARACTER_SET_RESULTS=@@CHARACTER_SET_RESULTS */;
/*!40101 SET @OLD_COLLATION_CONNECTION=@@COLLATION_CONNECTION */;
/*!40101 SET NAMES utf8 */;
/*!40103 SET @OLD_TIME_ZONE=@@TIME_ZONE */;
/*!40103 SET TIME_ZONE='+00:00' */;
/*!40014 SET @OLD_UNIQUE_CHECKS=@@UNIQUE_CHECKS, UNIQUE_CHECKS=0 */;
/*!40014 SET @OLD_FOREIGN_KEY_CHECKS=@@FOREIGN_KEY_CHECKS, FOREIGN_KEY_CHECKS=0 */;
/*!40101 SET @OLD_SQL_MODE=@@SQL_MODE, SQL_MODE='NO_AUTO_VALUE_ON_ZERO' */;
/*!40111 SET @OLD_SQL_NOTES=@@SQL_NOTES, SQL_NOTES=0 */;

--
-- Table structure for table `heyi_admin`
--

DROP TABLE IF EXISTS `heyi_admin`;
/*!40101 SET @saved_cs_client     = @@character_set_client */;
/*!40101 SET character_set_client = utf8 */;
CREATE TABLE `heyi_admin` (
  `user_id` smallint(5) unsigned NOT NULL AUTO_INCREMENT,
  `user_name` varchar(60) NOT NULL DEFAULT '',
  `email` varchar(60) NOT NULL DEFAULT '',
  `password` varchar(32) NOT NULL DEFAULT '',
  `action_list` text NOT NULL,
  `add_time` int(11) NOT NULL DEFAULT '0',
  `last_login` int(11) NOT NULL DEFAULT '0',
  `last_ip` varchar(15) NOT NULL DEFAULT '',
  PRIMARY KEY (`user_id`)
) ENGINE=InnoDB AUTO_INCREMENT=3 DEFAULT CHARSET=utf8;
/*!40101 SET character_set_client = @saved_cs_client */;

--
-- Dumping data for table `heyi_admin`
--

LOCK TABLES `heyi_admin` WRITE;
/*!40000 ALTER TABLE `heyi_admin` DISABLE KEYS */;
INSERT INTO `heyi_admin` VALUES (1,'uvs001','','44665d11c1efd3cea5ecc70e25797b12','ALL',1429683695,1450836201,'112.115.242.141'),(2,'uvs002','','44665d11c1efd3cea5ecc70e25797b12','ADMIN',1430125312,1430293191,'182.245.70.159');
/*!40000 ALTER TABLE `heyi_admin` ENABLE KEYS */;
UNLOCK TABLES;

--
-- Table structure for table `heyi_admin_log`
--

DROP TABLE IF EXISTS `heyi_admin_log`;
/*!40101 SET @saved_cs_client     = @@character_set_client */;
/*!40101 SET character_set_client = utf8 */;
CREATE TABLE `heyi_admin_log` (
  `id` int(10) unsigned NOT NULL AUTO_INCREMENT,
  `create_time` int(10) unsigned NOT NULL DEFAULT '0',
  `user_id` tinyint(3) unsigned NOT NULL DEFAULT '0',
  `action` varchar(255) NOT NULL DEFAULT '',
  `ip` varchar(15) NOT NULL DEFAULT '',
  PRIMARY KEY (`id`),
  KEY `create_time` (`create_time`),
  KEY `user_id` (`user_id`)
) ENGINE=InnoDB AUTO_INCREMENT=371 DEFAULT CHARSET=utf8;
/*!40101 SET character_set_client = @saved_cs_client */;

--
-- Dumping data for table `heyi_admin_log`
--

LOCK TABLES `heyi_admin_log` WRITE;
/*!40000 ALTER TABLE `heyi_admin_log` DISABLE KEYS */;
INSERT INTO `heyi_admin_log` VALUES (1,1381887740,1,'系统设置: 编辑成功','127.0.0.1'),(2,1381887745,1,'编辑导航: 公司简介','127.0.0.1'),(3,1381887749,1,'编辑幻灯: 广告图片01','127.0.0.1'),(4,1381887753,1,'编辑单页面: 联系我们','127.0.0.1'),(5,1381887756,1,'编辑商品分类: 电子数码','127.0.0.1'),(6,1381887759,1,'编辑文章分类: 公司动态','127.0.0.1'),(7,1381887775,1,'编辑单页面: 企业荣誉','127.0.0.1'),(8,1381887778,1,'编辑单页面: 公司简介','127.0.0.1'),(9,1381887781,1,'编辑单页面: 营销网络','127.0.0.1'),(10,1381980020,1,'恢复备份: douphp.sql','127.0.0.1'),(11,1382062229,1,'管理员登录: 登录成功！','127.0.0.1'),(12,1382103121,1,'管理员登录: 登录成功！','127.0.0.1'),(13,1399999423,1,'恢复备份: douphp.sql','127.0.0.1'),(14,1399999438,1,'添加导航: 留言板','127.0.0.1'),(15,1399999494,1,'删除导航: 联系我们','127.0.0.1'),(16,1400078869,1,'管理员登录: 登录成功！','127.0.0.1'),(17,1429683708,1,'管理员登录: 登录成功！','112.115.241.143'),(18,1429683735,1,'系统设置: 编辑成功','112.115.241.143'),(19,1429683913,1,'系统设置: 编辑成功','112.115.241.143'),(20,1429683976,1,'系统设置: 编辑成功','112.115.241.143'),(21,1429705171,1,'管理员登录: 登录成功！','112.112.12.36'),(22,1429705232,1,'删除导航: 企业荣誉','112.112.12.36'),(23,1429705452,1,'删除导航: 营销网络','112.112.12.36'),(24,1429705940,1,'编辑幻灯: 广告图片01','112.112.12.36'),(25,1429705948,1,'编辑幻灯: 广告图片02','112.112.12.36'),(26,1429705957,1,'编辑幻灯: 广告图片03','112.112.12.36'),(27,1429705984,1,'编辑幻灯: 广告图片04','112.112.12.36'),(28,1429706870,1,'编辑幻灯: 广告图片01','112.112.12.36'),(29,1429706902,1,'编辑幻灯: 广告图片02','112.112.12.36'),(30,1429706926,1,'编辑幻灯: 广告图片03','112.112.12.36'),(31,1429706943,1,'编辑幻灯: 广告图片04','112.112.12.36'),(32,1429759335,1,'管理员登录: 登录成功！','116.52.186.196'),(33,1429760928,1,'系统设置: 编辑成功','116.52.186.196'),(34,1429761006,1,'系统设置: 编辑成功','116.52.186.196'),(35,1429762865,1,'系统设置: 编辑成功','116.52.186.196'),(36,1429778549,1,'编辑幻灯: 广告图片01','116.52.186.196'),(37,1429778563,1,'编辑幻灯: 广告图片02','116.52.186.196'),(38,1429778576,1,'编辑幻灯: 广告图片03','116.52.186.196'),(39,1429778586,1,'编辑幻灯: 广告图片04','116.52.186.196'),(40,1429779071,1,'系统设置: 编辑成功','116.52.186.196'),(41,1429779137,1,'系统设置: 编辑成功','116.52.186.196'),(42,1429779212,1,'系统设置: 编辑成功','116.52.186.196'),(43,1429779352,1,'删除幻灯: 广告图片03','116.52.186.196'),(44,1429779359,1,'删除幻灯: 广告图片01','116.52.186.196'),(45,1429779364,1,'删除幻灯: 广告图片04','116.52.186.196'),(46,1429779482,1,'批量删除: PRODUCT IN (\'15\',\'14\',\'13\',\'12\')','116.52.186.196'),(47,1429779772,1,'添加幻灯: 希望小学','116.52.186.196'),(48,1429779824,1,'编辑幻灯: 实木篮球架','116.52.186.196'),(49,1429845530,1,'管理员登录: 登录成功！','116.52.186.160'),(50,1429845544,1,'系统设置: 编辑成功','116.52.186.160'),(51,1429852814,1,'删除单页面: 发展历程','116.52.186.160'),(52,1429852874,1,'删除单页面: 营销网络','116.52.186.160'),(53,1429852882,1,'删除单页面: 企业荣誉','116.52.186.160'),(54,1429852906,1,'删除导航: 企业荣誉','116.52.186.160'),(55,1429852916,1,'删除导航: 发展历程','116.52.186.160'),(56,1429852944,1,'编辑导航: 人才招聘','116.52.186.160'),(57,1429853011,1,'编辑单页面: 人才招聘','116.52.186.160'),(58,1429853162,1,'编辑单页面: 公司简介','116.52.186.160'),(59,1429853318,1,'编辑单页面: 联系我们','116.52.186.160'),(60,1429854858,1,'添加导航: 关于我们','116.52.186.160'),(61,1429854870,1,'编辑导航: 关于我们','116.52.186.160'),(62,1429854929,1,'添加导航: 人才招聘','116.52.186.160'),(63,1429854941,1,'删除导航: 人才招聘','116.52.186.160'),(64,1429854949,1,'删除导航: 联系我们','116.52.186.160'),(65,1429854956,1,'删除导航: 公司简介','116.52.186.160'),(66,1429855038,1,'编辑单页面: 关于我们','116.52.186.160'),(67,1429855074,1,'编辑单页面: 公司简介','116.52.186.160'),(68,1429855095,1,'编辑导航: 公司简介','116.52.186.160'),(69,1429855133,1,'编辑导航: 公司简介','116.52.186.160'),(70,1429856826,1,'系统设置: 编辑成功','116.52.186.160'),(71,1429857005,1,'删除导航: 智能手机','116.52.186.160'),(72,1429857011,1,'删除导航: 平板电脑','116.52.186.160'),(73,1429857017,1,'删除导航: 电子数码','116.52.186.160'),(74,1429857023,1,'删除导航: 家居百货','116.52.186.160'),(75,1429857029,1,'删除导航: 母婴用品','116.52.186.160'),(76,1429857293,1,'编辑导航: 新闻中心','116.52.186.160'),(77,1429891389,1,'管理员登录: 登录成功！','112.112.12.36'),(78,1429946163,1,'管理员登录: 登录成功！','202.98.89.43'),(79,1429946215,1,'添加分类: Apple','202.98.89.43'),(80,1429946232,1,'添加分类: htc','202.98.89.43'),(81,1429946881,1,'添加分类: huawei','202.98.89.43'),(82,1429949522,1,'管理员登录: 登录成功！','202.98.89.43'),(83,1429949564,1,'添加幻灯: 广告图片03','202.98.89.43'),(84,1429949675,1,'添加幻灯: 广告图片04','202.98.89.43'),(85,1429949685,1,'编辑幻灯: 广告图片03','202.98.89.43'),(86,1429952383,1,'系统设置: 编辑成功','202.98.89.43'),(87,1429954453,1,'删除文章: 如何利用电子商务提升企业竞争力','202.98.89.43'),(88,1429954460,1,'删除文章: 移动互联网产品设计的核心要素有哪些？','202.98.89.43'),(89,1429954464,1,'删除文章: 详解如何利用RSS进行网络推广','202.98.89.43'),(90,1429954471,1,'删除文章: 企业网站文章标题该如何去撰写','202.98.89.43'),(91,1429954476,1,'删除文章: 移动互联网发展下的企业网变革','202.98.89.43'),(92,1429954481,1,'删除文章: 新手如何选购虚拟主机','202.98.89.43'),(93,1429954486,1,'删除文章: 网站建设要素之如何制定一份网站策划方案','202.98.89.43'),(94,1429954491,1,'删除文章: 一个新手要如何着手来做好网站运营？','202.98.89.43'),(95,1429954496,1,'删除文章: 网络营销之该如何打造吸引性的软文营销','202.98.89.43'),(96,1429954541,1,'删除商品分类: Apple','202.98.89.43'),(97,1429954547,1,'删除商品分类: htc','202.98.89.43'),(98,1429954554,1,'删除商品分类: huawei','202.98.89.43'),(99,1429955114,1,'编辑幻灯: 广告图片02','202.98.89.43'),(100,1429968471,1,'管理员登录: 登录成功！','112.112.12.36'),(101,1430033805,1,'管理员登录: 登录成功！','112.112.12.36'),(102,1430033818,1,'批量删除: PRODUCT IN (\'11\',\'10\',\'9\',\'8\',\'7\',\'6\',\'5\',\'4\',\'3\',\'2\',\'1\')','112.112.12.36'),(103,1430033827,1,'删除商品分类: 平板电脑','112.112.12.36'),(104,1430033834,1,'删除商品分类: 智能手机','112.112.12.36'),(105,1430033842,1,'删除商品分类: 母婴用品','112.112.12.36'),(106,1430033847,1,'删除商品分类: 家居百货','112.112.12.36'),(107,1430033851,1,'删除商品分类: 电子数码','112.112.12.36'),(108,1430033888,1,'添加分类: 篮球系列','112.112.12.36'),(109,1430033915,1,'添加分类: 户外路径','112.112.12.36'),(110,1430033979,1,'添加分类: 篮球架','112.112.12.36'),(111,1430034023,1,'添加分类: 合一','112.112.12.36'),(112,1430034437,1,'添加商品: 合一体育9102凹箱篮球架','112.112.12.36'),(113,1430034585,1,'添加商品: 合一体育HY9612双人漫步机','112.112.12.36'),(114,1430113829,1,'管理员登录: 登录成功！','112.115.51.223'),(115,1430113919,1,'编辑文章: 企业网站建设的重要性','112.115.51.223'),(116,1430118110,1,'添加文章: 测试文章','112.115.51.223'),(117,1430118373,1,'编辑文章: 测试文章','112.115.51.223'),(118,1430119481,1,'删除导航: 行业新闻','112.115.51.223'),(119,1430119487,1,'删除导航: 公司动态','112.115.51.223'),(120,1430120036,1,'编辑商品: 合一体育9102凹箱篮球架','112.115.51.223'),(121,1430120148,1,'编辑商品: 合一体育HY9612双人漫步机','112.115.51.223'),(122,1430120310,1,'编辑商品: 合一体育9102凹箱篮球架','112.115.51.223'),(123,1430120324,1,'编辑商品: 合一体育HY9612双人漫步机','112.115.51.223'),(124,1430120419,1,'编辑商品: 合一体育9102凹箱篮球架','112.115.51.223'),(125,1430120432,1,'编辑商品: 合一体育HY9612双人漫步机','112.115.51.223'),(126,1430120868,1,'添加商品: 合一牌篮球架','112.115.51.223'),(127,1430121615,1,'系统设置: 编辑成功','112.115.51.223'),(128,1430121722,1,'删除友情链接: 豆壳网络','112.115.51.223'),(129,1430122190,1,'编辑幻灯: 实木篮球架','112.115.51.223'),(130,1430122269,1,'系统设置: 编辑成功','112.115.51.223'),(131,1430122486,1,'编辑单页面: 联系我们','112.115.51.223'),(132,1430124516,1,'编辑幻灯: 实木篮球架','112.115.51.223'),(133,1430125312,1,'添加管理员: uvs002','112.115.51.223'),(134,1430125339,2,'管理员登录: 登录成功！','112.115.51.223'),(135,1430127497,1,'系统设置: 编辑成功','112.115.51.223'),(136,1430127513,1,'编辑商品: 合一体育HY9612双人漫步机','112.115.51.223'),(137,1430127546,1,'编辑商品: 合一牌篮球架','112.115.51.223'),(138,1430127560,1,'编辑商品: 合一体育9102凹箱篮球架','112.115.51.223'),(139,1430127680,1,'系统设置: 编辑成功','112.115.51.223'),(140,1430127692,1,'编辑商品: 合一牌篮球架','112.115.51.223'),(141,1430127705,1,'编辑商品: 合一体育HY9612双人漫步机','112.115.51.223'),(142,1430127716,1,'编辑商品: 合一体育9102凹箱篮球架','112.115.51.223'),(143,1430127895,1,'系统设置: 编辑成功','112.115.51.223'),(144,1430127908,1,'编辑商品: 合一牌篮球架','112.115.51.223'),(145,1430127919,1,'编辑商品: 合一体育HY9612双人漫步机','112.115.51.223'),(146,1430127934,1,'编辑商品: 合一体育9102凹箱篮球架','112.115.51.223'),(147,1430187570,1,'管理员登录: 登录成功！','61.166.198.147'),(148,1430190329,1,'系统设置: 编辑成功','61.166.198.147'),(149,1430190348,1,'系统设置: 编辑成功','61.166.198.147'),(150,1430190362,1,'编辑商品: 合一体育HY9612双人漫步机','61.166.198.147'),(151,1430190419,1,'系统设置: 编辑成功','61.166.198.147'),(152,1430190442,1,'编辑商品: 合一体育HY9612双人漫步机','61.166.198.147'),(153,1430191472,1,'编辑商品: 合一牌篮球架','61.166.198.147'),(154,1430191484,1,'编辑商品: 合一体育9102凹箱篮球架','61.166.198.147'),(155,1430192875,1,'添加友情链接: 戊辰人博客','61.166.198.147'),(156,1430194177,1,'添加导航: 留言反馈','61.166.198.147'),(157,1430195264,1,'删除导航: 联系我们','61.166.198.147'),(158,1430195286,1,'编辑导航: 联系我们','61.166.198.147'),(159,1430201809,1,'系统设置: 编辑成功','61.166.198.147'),(160,1430201826,1,'系统设置: 编辑成功','61.166.198.147'),(161,1430202775,1,'系统设置: 编辑成功','61.166.198.147'),(162,1430207302,1,'删除单页面: 联系我们','61.166.198.147'),(163,1430207334,1,'留言删除: GUESTBOOK IN (\'7\',\'6\',\'5\',\'4\',\'3\',\'2\',\'1\')','61.166.198.147'),(164,1430209255,1,'删除友情链接: 戊辰人博客','61.166.198.147'),(165,1430212949,1,'添加友情链接: 戊辰人博客','61.166.198.147'),(166,1430290537,2,'管理员登录: 登录成功！','182.245.70.159'),(167,1430290572,2,'编辑单页面: 公司简介','182.245.70.159'),(168,1430290761,2,'编辑单页面: 人才招聘','182.245.70.159'),(169,1430290790,2,'编辑商品分类: 篮球架','182.245.70.159'),(170,1430291191,2,'编辑商品: 合一牌篮球架','182.245.70.159'),(171,1430291291,2,'编辑商品: 合一牌 HY-9102 凹箱篮球架','182.245.70.159'),(172,1430293037,1,'管理员登录: 登录成功！','182.245.70.159'),(173,1430293191,2,'管理员登录: 登录成功！','182.245.70.159'),(174,1430293232,2,'编辑商品: 合一牌 HY-9102 凹箱篮球架','182.245.70.159'),(175,1430293536,1,'删除友情链接: 戊辰人博客','182.245.70.159'),(176,1430294571,2,'编辑商品: 合一牌 HY-9115 电动液压篮球架','182.245.70.159'),(177,1430294633,2,'编辑商品: 合一牌 HY-9115 电动液压篮球架','182.245.70.159'),(178,1430300007,1,'删除幻灯: 广告图片02','182.245.70.159'),(179,1430321940,1,'管理员登录: 登录成功！','220.163.96.7'),(180,1430321997,1,'添加导航: 主页','220.163.96.7'),(181,1430322072,1,'删除导航: 主页','220.163.96.7'),(182,1430356960,1,'管理员登录: 登录成功！','116.54.73.68'),(183,1430357146,1,'编辑商品分类: 篮球运动','116.54.73.68'),(184,1430357220,1,'编辑商品分类: 篮球架','116.54.73.68'),(185,1430357280,1,'添加分类: 篮球运动配件','116.54.73.68'),(186,1430357400,1,'添加分类: 乒乓运动','116.54.73.68'),(187,1430357437,1,'添加分类: 乒乓桌','116.54.73.68'),(188,1430357453,1,'编辑商品分类: 乒乓桌','116.54.73.68'),(189,1430357464,1,'编辑商品分类: 户外路径','116.54.73.68'),(190,1430357508,1,'添加分类: 乒乓球辅件','116.54.73.68'),(191,1430357598,1,'编辑商品分类: 合一牌','116.54.73.68'),(192,1430357630,1,'添加分类: 合一牌','116.54.73.68'),(193,1430361223,1,'添加分类: 合一牌','116.54.73.68'),(194,1430361253,1,'添加分类: 合一牌','116.54.73.68'),(195,1430361295,1,'添加分类: 红双喜','116.54.73.68'),(196,1430361365,1,'添加分类: 羽球运动','116.54.73.68'),(197,1430361392,1,'添加分类: 网球运动','116.54.73.68'),(198,1430361436,1,'添加分类: 田径运动','116.54.73.68'),(199,1430361452,1,'编辑商品分类: 乒乓运动','116.54.73.68'),(200,1430361467,1,'编辑商品分类: 羽球运动','116.54.73.68'),(201,1430361480,1,'编辑商品分类: 网球运动','116.54.73.68'),(202,1430361504,1,'编辑商品分类: 田径运动','116.54.73.68'),(203,1430361534,1,'添加分类: 跑步器材','116.54.73.68'),(204,1430361560,1,'添加分类: 跳高器材','116.54.73.68'),(205,1430361588,1,'添加分类: 田径器材','116.54.73.68'),(206,1430361614,1,'添加分类: 投掷器材','116.54.73.68'),(207,1430361637,1,'添加分类: 体操运动','116.54.73.68'),(208,1430361670,1,'添加分类: 排球运动','116.54.73.68'),(209,1430361716,1,'添加分类: 排球网柱','116.54.73.68'),(210,1430361737,1,'添加分类: 排球附件','116.54.73.68'),(211,1430361761,1,'添加分类: 力量运动','116.54.73.68'),(212,1430361790,1,'添加分类: 搏击运动','116.54.73.68'),(213,1430361813,1,'添加分类: 足球运动','116.54.73.68'),(214,1430361833,1,'添加分类: 场地器材','116.54.73.68'),(215,1430361856,1,'添加分类: 健身路径','116.54.73.68'),(216,1430361884,1,'添加分类: 游乐设施','116.54.73.68'),(217,1430361905,1,'添加分类: 公共设施','116.54.73.68'),(218,1430361927,1,'添加分类: 生活设备','116.54.73.68'),(219,1430361949,1,'添加分类: 教学设备','116.54.73.68'),(220,1430361974,1,'添加分类: 商业设备','116.54.73.68'),(221,1430363048,1,'编辑商品: 合一体育HY9612双人漫步机','116.54.73.68'),(222,1430363076,1,'删除商品分类: 户外路径','116.54.73.68'),(223,1430375193,1,'管理员登录: 登录成功！','116.54.73.68'),(224,1430375203,1,'系统设置: 编辑成功','116.54.73.68'),(225,1430375215,1,'系统设置: 编辑成功','116.54.73.68'),(226,1430375519,1,'系统设置: 编辑成功','116.54.73.68'),(227,1430380174,1,'管理员登录: 登录成功！','116.54.73.68'),(228,1430380191,1,'编辑商品: 合一牌 HY-9102 凹箱篮球架','116.54.73.68'),(229,1430380202,1,'编辑商品: 合一牌 HY-9115 电动液压篮球架','116.54.73.68'),(230,1430380382,1,'编辑单页面: 人才招聘','116.54.73.68'),(231,1431415315,1,'管理员登录: 登录成功！','116.53.230.148'),(232,1431415357,1,'系统设置: 编辑成功','116.53.230.148'),(233,1431415601,1,'编辑商品: 合一牌 HY-9115 电动液压篮球架','116.53.230.148'),(234,1431415700,1,'批量删除: PRODUCT IN (\'18\',\'17\')','116.53.230.148'),(235,1431666580,1,'管理员登录: 登录成功！','116.53.230.176'),(236,1431666685,1,'系统设置: 编辑成功','116.53.230.176'),(237,1431667040,1,'系统设置: 编辑成功','116.53.230.176'),(238,1431670376,1,'编辑文章: 测试文章','116.53.230.176'),(239,1431670423,1,'编辑文章: 企业网站建设的重要性','116.53.230.176'),(240,1431670448,1,'编辑文章: 企业网站建设的重要性','116.53.230.176'),(241,1431753904,1,'管理员登录: 登录成功！','61.159.200.165'),(242,1431913428,1,'管理员登录: 登录成功！','116.52.186.230'),(243,1431913866,1,'管理员登录: 登录成功！','116.52.186.230'),(244,1432024762,1,'管理员登录: 登录成功！','116.53.242.203'),(245,1432024770,1,'删除文章: 测试文章','116.53.242.203'),(246,1432028097,1,'管理员登录: 登录成功！','116.53.242.203'),(247,1432028208,1,'系统设置: 编辑成功','116.53.242.203'),(248,1432265385,1,'管理员登录: 登录成功！','116.52.186.106'),(249,1432265410,1,'编辑商品: 合一牌 HY-9115 电动液压篮球架','116.52.186.106'),(250,1432265509,1,'添加分类: 球类运动','116.52.186.106'),(251,1432265573,1,'编辑商品分类: 篮球运动','116.52.186.106'),(252,1432265588,1,'删除商品分类: 合一牌','116.52.186.106'),(253,1432265596,1,'删除商品分类: 合一牌','116.52.186.106'),(254,1432265614,1,'删除商品分类: 合一牌','116.52.186.106'),(255,1432265651,1,'编辑商品分类: 乒乓运动','116.52.186.106'),(256,1432265663,1,'删除商品分类: 红双喜','116.52.186.106'),(257,1432265671,1,'删除商品分类: 合一牌','116.52.186.106'),(258,1432265684,1,'编辑商品分类: 排球运动','116.52.186.106'),(259,1432265694,1,'编辑商品分类: 羽球运动','116.52.186.106'),(260,1432265707,1,'编辑商品分类: 网球运动','116.52.186.106'),(261,1432265759,1,'添加分类: 羽毛球','116.52.186.106'),(262,1432265794,1,'添加分类: 羽毛球拍','116.52.186.106'),(263,1432265826,1,'添加分类: 网球','116.52.186.106'),(264,1432265866,1,'添加分类: 网球拍','116.52.186.106'),(265,1432265908,1,'编辑商品分类: 足球运动','116.52.186.106'),(266,1432344533,1,'管理员登录: 登录成功！','112.115.202.3'),(267,1432344554,1,'编辑商品: 合一牌 HY-9115 电动液压篮球架','112.115.202.3'),(268,1432349506,1,'添加商品: 合一牌HY-9611-1单联平步机','112.115.202.3'),(269,1432349831,1,'编辑商品: 合一牌HY-9611-1单联平步机','112.115.202.3'),(270,1432349862,1,'编辑商品: 合一牌HY-9611-1单联平步机','112.115.202.3'),(271,1432349915,1,'编辑商品: 合一牌HY-9611-1单联平步机','112.115.202.3'),(272,1432349976,1,'编辑商品: 合一牌HY-9611-1单联平步机','112.115.202.3'),(273,1432357145,1,'编辑商品: 合一 HY-9115-2 高档电动液压篮球架','112.115.202.3'),(274,1432357346,1,'添加商品: 合一 HY-9115-1 手动液压篮球架','112.115.202.3'),(275,1432357995,1,'编辑商品: 合一 HY-9115-1 手动液压篮球架','112.115.202.3'),(276,1432358049,1,'编辑商品: 合一 HY-9115-2 电动液压篮球架','112.115.202.3'),(277,1432364134,1,'编辑幻灯: 实木篮球架','112.115.202.3'),(278,1432364181,1,'添加幻灯: 上善若水','112.115.202.3'),(279,1432364429,1,'删除幻灯: 上善若水','112.115.202.3'),(280,1432364788,1,'编辑商品: 合一牌HY-9611-1单联平步机','112.115.202.3'),(281,1432610815,1,'管理员登录: 登录成功！','182.245.70.77'),(282,1432611063,1,'系统设置: 编辑成功','182.245.70.77'),(283,1432708549,1,'管理员登录: 登录成功！','222.172.131.9'),(284,1432801043,1,'管理员登录: 登录成功！','222.172.131.36'),(285,1432801343,1,'系统设置: 编辑成功','222.172.131.36'),(286,1433483117,1,'管理员登录: 登录成功！','116.53.230.134'),(287,1433483250,1,'添加单页面: 公司业绩','116.53.230.134'),(288,1433483319,1,'编辑单页面: 公司业绩','116.53.230.134'),(289,1433483418,1,'添加导航: 公司业绩','116.53.230.134'),(290,1433483443,1,'编辑导航: 公司业绩','116.53.230.134'),(291,1433483486,1,'编辑导航: 公司业绩','116.53.230.134'),(292,1433483520,1,'删除导航: 公司业绩','116.53.230.134'),(293,1433483610,1,'添加导航: 公司业绩','116.53.230.134'),(294,1433483650,1,'编辑导航: 成果展示','116.53.230.134'),(295,1433483670,1,'编辑单页面: 成果展示','116.53.230.134'),(296,1433483678,1,'编辑导航: 成果展示','116.53.230.134'),(297,1433656000,1,'管理员登录: 登录成功！','116.53.230.122'),(298,1433656309,1,'添加商品: 9602A健骑机','116.53.230.122'),(299,1433656348,1,'编辑商品: 9602A健骑机','116.53.230.122'),(300,1433656623,1,'添加商品: 9617A太极揉推器','116.53.230.122'),(301,1433656778,1,'编辑商品: 9602A健骑机','116.53.230.122'),(302,1433656827,1,'编辑商品: 9617A太极揉推器','116.53.230.122'),(303,1433658433,1,'添加商品: HY-9603-上肢支撑训练器','116.53.230.122'),(304,1433658469,1,'添加商品: HY-9603-双人大转轮','116.53.230.122'),(305,1433658507,1,'添加商品: HY-9604-二人蹬力器','116.53.230.122'),(306,1433658549,1,'添加商品: HY-9619-随圆漫步机','116.53.230.122'),(307,1433658587,1,'添加商品: HY-9625-呼拉桥','116.53.230.122'),(308,1433658669,1,'添加商品: HY-9605单杠','116.53.230.122'),(309,1433658729,1,'添加商品: HY-9611-1单联漫步机','116.53.230.122'),(310,1433658796,1,'添加商品: 二联压腿架HY-9637','116.53.230.122'),(311,1433658864,1,'添加商品: HY-9601腹肌板','116.53.230.122'),(312,1433658913,1,'添加商品: HY-9607棋盘桌','116.53.230.122'),(313,1433658984,1,'添加商品: HY-9609三位扭腰器','116.53.230.122'),(314,1433659035,1,'添加商品: HY-9610双杠','116.53.230.122'),(315,1433659086,1,'添加商品: HY-9615双人秋千','116.53.230.122'),(316,1433659132,1,'添加商品: HY-9612-1太空漫步机','116.53.230.122'),(317,1433659256,1,'添加商品: HY-9618天梯','116.53.230.122'),(318,1433659288,1,'添加商品: HY-9621腰背按摩器','116.53.230.122'),(319,1433659315,1,'添加商品: HY-9634腿部按摩器','116.53.230.122'),(320,1433659352,1,'编辑商品: HY-9637二联压腿架','116.53.230.122'),(321,1433659401,1,'编辑商品: HY-9617太极揉推器','116.53.230.122'),(322,1433659429,1,'编辑商品: HY-9602健骑机','116.53.230.122'),(323,1433659452,1,'编辑商品: HY-9115-1 手动液压篮球架','116.53.230.122'),(324,1433659464,1,'编辑商品: HY-9611-1单联平步机','116.53.230.122'),(325,1433659475,1,'编辑商品: HY-9115-2 电动液压篮球架','116.53.230.122'),(326,1434599248,1,'管理员登录: 登录成功！','112.115.241.210'),(327,1434599288,1,'系统设置: 编辑成功','112.115.241.210'),(328,1435717358,1,'管理员登录: 登录成功！','112.115.240.254'),(329,1435718406,1,'编辑商品: HY-9634腿部按摩器','112.115.240.254'),(330,1435718471,1,'编辑商品: HY-9634腿部按摩器','112.115.240.254'),(331,1435718540,1,'编辑商品: HY-9634腿部按摩器','112.115.240.254'),(332,1435718600,1,'编辑商品: HY-9634腿部按摩器','112.115.240.254'),(333,1435718631,1,'编辑商品: HY-9634腿部按摩器','112.115.240.254'),(334,1435718730,1,'编辑商品: HY-9634腿部按摩器','112.115.240.254'),(335,1435718775,1,'编辑商品: HY-9634腿部按摩器','112.115.240.254'),(336,1435718858,1,'编辑商品: HY-9621腰背按摩器','112.115.240.254'),(337,1435719141,1,'编辑商品: HY-9621腰背按摩器','112.115.240.254'),(338,1435720739,1,'编辑商品: HY-9618天梯','112.115.240.254'),(339,1435721014,1,'编辑商品: HY-9612-1太空漫步机','112.115.240.254'),(340,1435722416,1,'编辑商品: HY-9615双人秋千','112.115.240.254'),(341,1435722792,1,'编辑商品: HY-9610双杠','112.115.240.254'),(342,1435723012,1,'编辑商品: HY-9609三位扭腰器','112.115.240.254'),(343,1435732171,1,'编辑商品: HY-9601腹肌板','112.115.240.254'),(344,1436257057,1,'管理员登录: 登录成功！','112.115.242.186'),(345,1436257191,1,'编辑商品: HY-9607棋盘桌','112.115.242.186'),(346,1436257477,1,'编辑商品: HY-9637二联压腿架','112.115.242.186'),(347,1437029472,1,'管理员登录: 登录成功！','112.115.240.119'),(348,1437029500,1,'系统设置: 编辑成功','112.115.240.119'),(349,1437033105,1,'系统设置: 编辑成功','112.115.240.119'),(350,1442741196,1,'管理员登录: 登录成功！','182.245.70.75'),(351,1442974406,1,'管理员登录: 登录成功！','112.115.243.158'),(352,1445588581,1,'管理员登录: 登录成功！','103.233.80.209'),(353,1445589006,1,'管理员登录: 登录成功！','182.245.70.7'),(354,1445593016,1,'编辑单页面: 成果展示','121.40.178.128'),(355,1445616861,1,'管理员登录: 登录成功！','106.59.239.117'),(356,1450414248,1,'管理员登录: 登录成功！','182.245.70.185'),(357,1450414422,1,'编辑单页面: 公司简介','182.245.70.185'),(358,1450414583,1,'编辑单页面: 公司简介','182.245.70.185'),(359,1450762247,1,'管理员登录: 登录成功！','182.245.70.236'),(360,1450762257,1,'编辑单页面: 公司简介','182.245.70.236'),(361,1450773889,1,'管理员登录: 登录成功！','182.245.70.236'),(362,1450836201,1,'管理员登录: 登录成功！','112.115.242.141'),(363,1450836362,1,'编辑单页面: 工程业绩','112.115.242.141'),(364,1450836471,1,'添加单页面: 企业文化','112.115.242.141'),(365,1450836570,1,'编辑单页面: 企业文化','112.115.242.141'),(366,1450836621,1,'编辑导航: 工程业绩','112.115.242.141'),(367,1450837339,1,'编辑单页面: 公司简介','112.115.242.141'),(368,1450837751,1,'编辑单页面: 工程业绩','112.115.242.141'),(369,1450838342,1,'编辑单页面: 工程业绩','112.115.242.141'),(370,1450838682,1,'编辑单页面: 工程业绩','112.115.242.141');
/*!40000 ALTER TABLE `heyi_admin_log` ENABLE KEYS */;
UNLOCK TABLES;

--
-- Table structure for table `heyi_article`
--

DROP TABLE IF EXISTS `heyi_article`;
/*!40101 SET @saved_cs_client     = @@character_set_client */;
/*!40101 SET character_set_client = utf8 */;
CREATE TABLE `heyi_article` (
  `id` mediumint(8) unsigned NOT NULL AUTO_INCREMENT,
  `cat_id` smallint(5) NOT NULL DEFAULT '0',
  `title` varchar(150) NOT NULL DEFAULT '',
  `defined` text NOT NULL,
  `content` longtext NOT NULL,
  `image` varchar(255) NOT NULL DEFAULT '',
  `keywords` varchar(255) NOT NULL DEFAULT '',
  `add_time` int(10) unsigned NOT NULL DEFAULT '0',
  `click` smallint(6) unsigned NOT NULL DEFAULT '0',
  `description` varchar(255) NOT NULL DEFAULT '',
  `home_sort` varchar(2) NOT NULL DEFAULT '',
  PRIMARY KEY (`id`)
) ENGINE=InnoDB AUTO_INCREMENT=2 DEFAULT CHARSET=utf8;
/*!40101 SET character_set_client = @saved_cs_client */;

--
-- Dumping data for table `heyi_article`
--

LOCK TABLES `heyi_article` WRITE;
/*!40000 ALTER TABLE `heyi_article` DISABLE KEYS */;
INSERT INTO `heyi_article` VALUES (1,1,'企业网站建设的重要性','','<p>在一个网络时代，企业网上的形象即网站的形象，是十分重要的。它的定位与网页设计直接影响着企业在网络电子商务应用推广中的成败，试想如果一家知名公司（企业）的网站设计定位很差，这不仅会严重损坏这个企业原本在人们心中的形象，而且对于其在网上扩大知名度和推广都是相当不利的。纵观国内外知名企业的网站，我们不难发现这样的规律：企业的知名度和实力往往与其企业网站的设计制作水平成正比。</p><p>第一、利用企业网页，宣传企业自身</p><p>在企业的互联网服务系统上，企业可向外宣传企业的文化、企业的概况、产品、服务品质以及新闻等方面的内容。 发布在互联网上的信息可以制作得较为祥尽，包括产品的各种性能参数，使用说明等；利用图文声像并茂的网页形象宣传企业，以利于企业更科学地进行市场开拓。&nbsp;</p><p>第二、推广提高产品品牌</p><p>在通过企业网页宣传企业的同时，更加宣传了企业的产品，使其网页上的产品信息更加方便地传达到全球的目标客户群，建立网站前的企业，产品销售渠道受到了很大的限制，建立网站后，获得了更大的受众群体，为企业的产品走向国际打下了坚实的基础，从而不断提高产品的品牌形象。&nbsp;</p><p>第三、利用网上电子商务，降低企业销售成本及原材料采购成本，提高产品竞争力</p><p>在电子商务方式下，企业的商业机会得到有效扩大，可通过专业公司为您提供网上策划，将信息传递给需求群体。利用电子商务通过互联网与客户建立方便的联络方式进行业务洽谈。大幅度减少了人员出差的时间和费用，降低通信、传真、邮寄费用，并省去了许多中间环节，提高了产品直销率，降低了经营成本。 通过在自己网页的BBS公告牌上发布商品需求信息，同时主动在网上查询所城原材料及配件的相关生产厂家的信息，并与其直接联系采购，从而有效降低了采购成本。&nbsp;</p><p>第四、通过互联网寻求合资，合作伙伴.</p><p>企业在寻求合资、合作伙伴中，可利用自身的网上形象以及在相关知名的BBS上发布信息，以求目标对象获得您的信息。另外也可主动在互联网上寻找目标对象。利用互联网寻求商贸合资、合作伙伴具有很大的优越性，并可有效地减少寻求目标对象的盲目性，因为您可以在网上详细查看对方的简介、产品介绍等情况之后，再进行下一步的实施考察和技术交流活动，从而大大减少不必要的费用支出，做到有的放矢。&nbsp;</p><p>第五、进行行业信息收集及日常电子邮件传输，促进了信息的交流</p><p>互联网在行业信息收集方面是任何媒体所无法比拟的。借助互联网的强大优势，可在网上随时随地查找您所要获得的行业宏观信息、同行竞争对手的发展及产品信息，还可在企业的网站上建立起自己的专门栏目，收集用户的反馈信息，保证了在较短时间内获得最新的信息。 在与客户的交流中，可充分利用E-mail的费用低（其通讯费用只有传统通讯方式的1/5-1/20）、速度快、一信多发等优点。而且距离越远相对费用就越低。更为重要的是，可以很方便地对信件进行二次编辑，避免了文件的重复输入，几乎可以不用传真机，将电子邮件的优越性能发挥得淋漓尽致。&nbsp;</p><p>第六、加强了对目标对象的售前服务，提升了企业的服务品质</p><p>“品质就是硬道理”企业可以通过因特网，对目标客户进行在线产品信息查询、技术支持等服务、为客户提供了一个便于查询的服务系统，并且可以把常见的客户反馈信息，经过处理后，发布在网上，供更多的客户查阅，通过不断地为客户进行网上的在线咨询、技术支持等方式，达到渐渐提升企业服务品质之目的。 网上信息可供不同需求的用户24小时查询，而且通过电子邮件的形式，大大摆脱了传统业务活动过程的诸多不方便行为。从而加强了对客户的各方面服务。</p><p><br/></p>','images/article/1430113919.png','企业网站建设,为什么要建企业网站,企业网站的重要性',1372261194,236,'','');
/*!40000 ALTER TABLE `heyi_article` ENABLE KEYS */;
UNLOCK TABLES;

--
-- Table structure for table `heyi_article_category`
--

DROP TABLE IF EXISTS `heyi_article_category`;
/*!40101 SET @saved_cs_client     = @@character_set_client */;
/*!40101 SET character_set_client = utf8 */;
CREATE TABLE `heyi_article_category` (
  `cat_id` smallint(5) NOT NULL AUTO_INCREMENT,
  `unique_id` varchar(30) NOT NULL DEFAULT '',
  `cat_name` varchar(255) NOT NULL DEFAULT '',
  `keywords` varchar(255) NOT NULL DEFAULT '',
  `description` varchar(255) NOT NULL DEFAULT '',
  `parent_id` smallint(5) NOT NULL DEFAULT '0',
  `sort` tinyint(1) unsigned NOT NULL DEFAULT '50',
  PRIMARY KEY (`cat_id`)
) ENGINE=InnoDB AUTO_INCREMENT=3 DEFAULT CHARSET=utf8;
/*!40101 SET character_set_client = @saved_cs_client */;

--
-- Dumping data for table `heyi_article_category`
--

LOCK TABLES `heyi_article_category` WRITE;
/*!40000 ALTER TABLE `heyi_article_category` DISABLE KEYS */;
INSERT INTO `heyi_article_category` VALUES (1,'company','公司动态','公司动态','公司的最新新闻在此发布',0,10),(2,'industry','行业新闻','行业新闻','最新行业资讯',0,20);
/*!40000 ALTER TABLE `heyi_article_category` ENABLE KEYS */;
UNLOCK TABLES;

--
-- Table structure for table `heyi_config`
--

DROP TABLE IF EXISTS `heyi_config`;
/*!40101 SET @saved_cs_client     = @@character_set_client */;
/*!40101 SET character_set_client = utf8 */;
CREATE TABLE `heyi_config` (
  `id` int(11) unsigned NOT NULL AUTO_INCREMENT,
  `name` varchar(80) NOT NULL,
  `value` text NOT NULL,
  `type` varchar(10) NOT NULL DEFAULT '',
  `box` varchar(255) NOT NULL DEFAULT '',
  `tab` varchar(10) NOT NULL DEFAULT 'main',
  `sort` tinyint(3) unsigned NOT NULL DEFAULT '1',
  PRIMARY KEY (`id`)
) ENGINE=InnoDB AUTO_INCREMENT=32 DEFAULT CHARSET=utf8;
/*!40101 SET character_set_client = @saved_cs_client */;

--
-- Dumping data for table `heyi_config`
--

LOCK TABLES `heyi_config` WRITE;
/*!40000 ALTER TABLE `heyi_config` DISABLE KEYS */;
INSERT INTO `heyi_config` VALUES (1,'site_name','合一体育','text','','main',1),(2,'site_title','合一体育 - 专注于体育器材生产与销售','text','','main',2),(3,'site_keywords','合一体育,云南合一体育,昆明合一体育,云南体育器材,云南体育用品公司,云南合一体育用品有限公司,云南体育用品有限公司','text','','main',3),(4,'site_description','上善若水，众心合一。云南合一体育用品有限公司是生产体育器材和代理知名品牌体育器材的综合性体育用品公司，专注于体育用品的生产与研发。','text','','main',4),(5,'site_theme','unite','select','','main',5),(6,'site_logo','logo.gif','file','','main',6),(7,'site_address','昆明市晋宁工业园区晋城片区体育产业基地','text','','main',7),(8,'site_closed','0','radio','','main',8),(9,'icp',' 滇ICP备11001286号-1','text','','main',9),(10,'tel','0871-66668818','text','','main',10),(11,'fax','0871-66087089','text','','main',11),(12,'qq','1053145198','text','','main',12),(13,'email','unite001@126.com','text','','main',13),(14,'language','zh_cn','select','','main',14),(15,'rewrite','1','radio','','main',15),(16,'sitemap','1','radio','','main',16),(17,'captcha','1','radio','','main',17),(18,'guestbook_check_chinese','0','radio','','main',18),(19,'code','','textarea','','main',19),(20,'display_product','10','text','','display',1),(21,'display_article','10','text','','display',2),(22,'display_guestbook','10','text','','display',3),(23,'home_display_product','21','text','','display',4),(24,'home_display_article','10','text','','display',5),(25,'thumb_width','600','text','','display',6),(26,'thumb_height','450','text','','display',7),(27,'price_decimal','2','text','','display',8),(28,'defined_product','','text','','defined',1),(29,'defined_article','','text','','defined',2),(30,'build_date','1429683695','hidden','','',100),(31,'hash_code','1cf06f200ad4fb6ce35d4944d207adeb','hidden','','',101);
/*!40000 ALTER TABLE `heyi_config` ENABLE KEYS */;
UNLOCK TABLES;

--
-- Table structure for table `heyi_guestbook`
--

DROP TABLE IF EXISTS `heyi_guestbook`;
/*!40101 SET @saved_cs_client     = @@character_set_client */;
/*!40101 SET character_set_client = utf8 */;
CREATE TABLE `heyi_guestbook` (
  `id` mediumint(8) unsigned NOT NULL AUTO_INCREMENT,
  `title` varchar(150) NOT NULL DEFAULT '',
  `name` varchar(60) NOT NULL DEFAULT '',
  `contact_type` varchar(30) NOT NULL DEFAULT '',
  `contact` varchar(150) NOT NULL DEFAULT '',
  `content` text NOT NULL,
  `if_show` tinyint(1) NOT NULL DEFAULT '0',
  `if_read` tinyint(1) NOT NULL DEFAULT '0',
  `ip` varchar(15) NOT NULL DEFAULT '',
  `add_time` int(10) unsigned NOT NULL DEFAULT '0',
  `reply_id` smallint(5) NOT NULL DEFAULT '0',
  PRIMARY KEY (`id`)
) ENGINE=InnoDB DEFAULT CHARSET=utf8;
/*!40101 SET character_set_client = @saved_cs_client */;

--
-- Dumping data for table `heyi_guestbook`
--

LOCK TABLES `heyi_guestbook` WRITE;
/*!40000 ALTER TABLE `heyi_guestbook` DISABLE KEYS */;
/*!40000 ALTER TABLE `heyi_guestbook` ENABLE KEYS */;
UNLOCK TABLES;

--
-- Table structure for table `heyi_link`
--

DROP TABLE IF EXISTS `heyi_link`;
/*!40101 SET @saved_cs_client     = @@character_set_client */;
/*!40101 SET character_set_client = utf8 */;
CREATE TABLE `heyi_link` (
  `id` smallint(5) unsigned NOT NULL AUTO_INCREMENT,
  `link_name` varchar(60) NOT NULL DEFAULT '',
  `link_url` varchar(255) NOT NULL DEFAULT '',
  `sort` tinyint(1) unsigned NOT NULL DEFAULT '50',
  PRIMARY KEY (`id`)
) ENGINE=InnoDB DEFAULT CHARSET=utf8;
/*!40101 SET character_set_client = @saved_cs_client */;

--
-- Dumping data for table `heyi_link`
--

LOCK TABLES `heyi_link` WRITE;
/*!40000 ALTER TABLE `heyi_link` DISABLE KEYS */;
/*!40000 ALTER TABLE `heyi_link` ENABLE KEYS */;
UNLOCK TABLES;

--
-- Table structure for table `heyi_nav`
--

DROP TABLE IF EXISTS `heyi_nav`;
/*!40101 SET @saved_cs_client     = @@character_set_client */;
/*!40101 SET character_set_client = utf8 */;
CREATE TABLE `heyi_nav` (
  `id` mediumint(8) NOT NULL AUTO_INCREMENT,
  `module` varchar(20) NOT NULL,
  `nav_name` varchar(255) NOT NULL,
  `guide` varchar(255) NOT NULL,
  `parent_id` smallint(5) NOT NULL DEFAULT '0',
  `type` varchar(10) NOT NULL,
  `sort` tinyint(1) unsigned NOT NULL DEFAULT '50',
  PRIMARY KEY (`id`)
) ENGINE=InnoDB AUTO_INCREMENT=41 DEFAULT CHARSET=utf8;
/*!40101 SET character_set_client = @saved_cs_client */;

--
-- Dumping data for table `heyi_nav`
--

LOCK TABLES `heyi_nav` WRITE;
/*!40000 ALTER TABLE `heyi_nav` DISABLE KEYS */;
INSERT INTO `heyi_nav` VALUES (5,'product_category','产品中心','0',0,'middle',20),(6,'article_category','新闻中心','0',0,'middle',30),(17,'page','公司简介','1',0,'bottom',10),(18,'page','营销网络','6',0,'bottom',20),(19,'page','企业荣誉','2',0,'bottom',30),(20,'page','人才招聘','5',0,'bottom',40),(21,'page','联系我们','4',0,'bottom',50),(24,'guestbook','留言反馈','0',0,'top',20),(33,'mobile','手机版','0',0,'top',10),(34,'mobile','手机版','0',0,'bottom',60),(35,'page','公司简介','1',0,'middle',65),(36,'page','人才招聘','5',0,'middle',75),(37,'guestbook','联系我们','0',0,'middle',100),(40,'page','工程业绩','7',0,'middle',66);
/*!40000 ALTER TABLE `heyi_nav` ENABLE KEYS */;
UNLOCK TABLES;

--
-- Table structure for table `heyi_page`
--

DROP TABLE IF EXISTS `heyi_page`;
/*!40101 SET @saved_cs_client     = @@character_set_client */;
/*!40101 SET character_set_client = utf8 */;
CREATE TABLE `heyi_page` (
  `id` mediumint(8) unsigned NOT NULL AUTO_INCREMENT,
  `unique_id` varchar(30) NOT NULL DEFAULT '',
  `parent_id` smallint(5) NOT NULL DEFAULT '0',
  `page_name` varchar(150) NOT NULL DEFAULT '',
  `content` longtext NOT NULL,
  `keywords` varchar(255) NOT NULL DEFAULT '',
  `description` varchar(255) NOT NULL DEFAULT '',
  PRIMARY KEY (`id`)
) ENGINE=InnoDB AUTO_INCREMENT=10 DEFAULT CHARSET=utf8;
/*!40101 SET character_set_client = @saved_cs_client */;

--
-- Dumping data for table `heyi_page`
--

LOCK TABLES `heyi_page` WRITE;
/*!40000 ALTER TABLE `heyi_page` DISABLE KEYS */;
INSERT INTO `heyi_page` VALUES (1,'about',0,'公司简介','<h3 class=\"text-center\">合一公司简介</h3>\n                        <p>上善若水，众心合一。\n                        云南合一体育用品有限公司是由一群充满激情与活力综合素质高的年轻人创办，是一家集体育用品生产、品牌代理和提供体育服务的综合性体育产业公司。\n                        服务方向为：健身器材、学校器材、户外路径、体育场地场馆建设和赛事运营。\n                        公司自创建以来，在“上善若水，众心合一”的思想指导下，稳步向前。至今，销售网络覆盖7省1市以及周边邻国。产品质量和公司信誉得到客户朋友和需求单位的一致认可。</p>\n                        <p>公司先后通过ISO9001质量管理体系认证；OHS18001职业健康安全体系认证；ISO14001环境管理体系认证；\n                        产品经国家体育用品质量监督检验中心（GB19272-2011标准）检验合格。在各级政府的关心下，占地30亩的体育产业基地正在积极建设中。</p>\n                        <p>在全民健身提升为国家战略的历史时期，我们会把握机会，开拓进取，不断努力，为国家及地区的经济建设、为全民健身运动和我国教育事业尽微薄之力。</p>','公司简介','合一体育公司简介'),(5,'job',1,'人才招聘','<p><span style=\"line-height: 19.2000007629395px;\">一、销售精英数名</span></p><p><br/></p>','人才招聘','人才招聘'),(7,'honour',1,'工程业绩','<h3 class=\"text-center\">工程业绩</h3>\n            <div class=\"row\">\n                <div class=\"col-xs-12 col-md-12 imgblock\">\n                    <img src=\"/static/images/honour/001.jpg\" class=\"img-responsive center-block\">\n                </div>\n            </div>\n            <div class=\"row\">\n                <div class=\"col-xs-12 col-md-12 imgblock\">\n                    <img src=\"/static/images/honour/002.jpg\" class=\"img-responsive center-block\">\n                </div>\n            </div>\n            <div class=\"row\">\n                <div class=\"col-xs-12 col-md-12 imgblock\">\n                    <img src=\"/static/images/honour/003.jpg\" class=\"img-responsive center-block\">\n                </div>\n            </div>\n            <div class=\"row\">\n                <div class=\"col-xs-12 col-md-12 imgblock\">\n                    <img src=\"/static/images/honour/004.jpg\" class=\"img-responsive center-block\">\n                </div>\n            </div>\n            <div class=\"row\">\n                <div class=\"col-xs-12 col-md-12 imgblock\">\n                    <img src=\"/static/images/honour/005.jpg\" class=\"img-responsive center-block\">\n                </div>\n            </div>\n            <div class=\"row\">\n                <div class=\"col-xs-12 col-md-12 imgblock\">\n                    <img src=\"/static/images/honour/006.jpg\" class=\"img-responsive center-block\">\n                </div>\n            </div>\n            <div class=\"row\">\n                <div class=\"col-xs-12 col-md-12 imgblock\">\n                    <img src=\"/static/images/honour/007.jpg\" class=\"img-responsive center-block\">\n                </div>\n            </div>\n            <div class=\"row\">\n                <div class=\"col-xs-12 col-md-12 imgblock\">\n                    <img src=\"/static/images/honour/008.jpg\" class=\"img-responsive center-block\">\n                </div>\n            </div>\n            <div class=\"row\">\n                <div class=\"col-xs-12 col-md-12 imgblock\">\n                    <img src=\"/static/images/honour/009.jpg\" class=\"img-responsive center-block\">\n                </div>\n            </div>\n            <div class=\"row\">\n                <div class=\"col-xs-12 col-md-12 imgblock\">\n                    <img src=\"/static/images/honour/010.jpg\" class=\"img-responsive center-block\">\n                </div>\n            </div>\n            <div class=\"row\">\n                <div class=\"col-xs-12 col-md-12 imgblock\">\n                    <img src=\"/static/images/honour/011.jpg\" class=\"img-responsive center-block\">\n                </div>\n            </div>\n            <div class=\"row\">\n                <div class=\"col-xs-12 col-md-12 imgblock\">\n                    <img src=\"/static/images/honour/012.jpg\" class=\"img-responsive center-block\">\n                </div>\n            </div>\n            <div class=\"row\">\n                <div class=\"col-xs-12 col-md-12 imgblock\">\n                    <img src=\"/static/images/honour/013.jpg\" class=\"img-responsive center-block\">\n                </div>\n            </div>\n            <div class=\"row\">\n                <div class=\"col-xs-12 col-md-12 imgblock\">\n                    <img src=\"/static/images/honour/014.jpg\" class=\"img-responsive center-block\">\n                </div>\n            </div>\n            <div class=\"row\">\n                <div class=\"col-xs-12 col-md-12 imgblock\">\n                    <img src=\"/static/images/honour/015.jpg\" class=\"img-responsive center-block\">\n                </div>\n            </div>\n            <div class=\"row\">\n                <div class=\"col-xs-12 col-md-12 imgblock\">\n                    <img src=\"/static/images/honour/016.jpg\" class=\"img-responsive center-block\">\n                </div>\n            </div>\n            <div class=\"row\">\n                <div class=\"col-xs-12 col-md-12 imgblock\">\n                    <img src=\"/static/images/honour/017.jpg\" class=\"img-responsive center-block\">\n                </div>\n            </div>\n            <div class=\"row\">\n                <div class=\"col-xs-12 col-md-12 imgblock\">\n                    <img src=\"/static/images/honour/018.jpg\" class=\"img-responsive center-block\">\n                </div>\n            </div>\n            <div class=\"row\">\n                <div class=\"col-xs-12 col-md-12 imgblock\">\n                    <img src=\"/static/images/honour/019.jpg\" class=\"img-responsive center-block\">\n                </div>\n            </div>\n            <div class=\"row\">\n                <div class=\"col-xs-12 col-md-12 imgblock\">\n                    <img src=\"/static/images/honour/020.jpg\" class=\"img-responsive center-block\">\n                </div>\n            </div>\n            <div class=\"row\">\n                <div class=\"col-xs-12 col-md-12 imgblock\">\n                    <img src=\"/static/images/honour/021.jpg\" class=\"img-responsive center-block\">\n                </div>\n            </div>\n            <div class=\"row\">\n                <div class=\"col-xs-12 col-md-12 imgblock\">\n                    <img src=\"/static/images/honour/022.jpg\" class=\"img-responsive center-block\">\n                </div>\n            </div>\n            <div class=\"row\">\n                <div class=\"col-xs-12 col-md-12 imgblock\">\n                    <img src=\"/static/images/honour/023.jpg\" class=\"img-responsive center-block\">\n                </div>\n            </div>\n            <div class=\"row\">\n                <div class=\"col-xs-12 col-md-12 imgblock\">\n                    <img src=\"/static/images/honour/024.jpg\" class=\"img-responsive center-block\">\n                </div>\n            </div>\n            <div class=\"row\">\n                <div class=\"col-xs-12 col-md-12 imgblock\">\n                    <img src=\"/static/images/honour/025.jpg\" class=\"img-responsive center-block\">\n                </div>\n            </div>\n            <div class=\"row\">\n                <div class=\"col-xs-12 col-md-12 imgblock\">\n                    <img src=\"/static/images/honour/026.jpg\" class=\"img-responsive center-block\">\n                </div>\n            </div>\n            <div class=\"row\">\n                <div class=\"col-xs-12 col-md-12 imgblock\">\n                    <img src=\"/static/images/honour/027.jpg\" class=\"img-responsive center-block\">\n                </div>\n            </div>\n            <div class=\"row\">\n                <div class=\"col-xs-12 col-md-12 imgblock\">\n                    <img src=\"/static/images/honour/028.jpg\" class=\"img-responsive center-block\">\n                </div>\n            </div>\n            <div class=\"row\">\n                <div class=\"col-xs-12 col-md-12 imgblock\">\n                    <img src=\"/static/images/honour/029.jpg\" class=\"img-responsive center-block\">\n                </div>\n            </div>\n            <div class=\"row\">\n                <div class=\"col-xs-12 col-md-12 imgblock\">\n                    <img src=\"/static/images/honour/030.jpg\" class=\"img-responsive center-block\">\n                </div>\n            </div>\n            <div class=\"row\">\n                <div class=\"col-xs-12 col-md-12 imgblock\">\n                    <img src=\"/static/images/honour/031.jpg\" class=\"img-responsive center-block\">\n                </div>\n            </div>\n            <div class=\"row\">\n                <div class=\"col-xs-12 col-md-12 imgblock\">\n                    <img src=\"/static/images/honour/032.jpg\" class=\"img-responsive center-block\">\n                </div>\n            </div>\n            <div class=\"row\">\n                <div class=\"col-xs-12 col-md-12 imgblock\">\n                    <img src=\"/static/images/honour/033.jpg\" class=\"img-responsive center-block\">\n                </div>\n            </div>\n            <div class=\"row\">\n                <div class=\"col-xs-12 col-md-12 imgblock\">\n                    <img src=\"/static/images/honour/034.jpg\" class=\"img-responsive center-block\">\n                </div>\n            </div>\n            <div class=\"row\">\n                <div class=\"col-xs-12 col-md-12 imgblock\">\n                    <img src=\"/static/images/honour/035.jpg\" class=\"img-responsive center-block\">\n                </div>\n            </div>\n            <div class=\"row\">\n                <div class=\"col-xs-12 col-md-12 imgblock\">\n                    <img src=\"/static/images/honour/036.jpg\" class=\"img-responsive center-block\">\n                </div>\n            </div>\n            <div class=\"row\">\n                <div class=\"col-xs-12 col-md-12 imgblock\">\n                    <img src=\"/static/images/honour/037.jpg\" class=\"img-responsive center-block\">\n                </div>\n            </div>\n            <div class=\"row\">\n                <div class=\"col-xs-12 col-md-12 imgblock\">\n                    <img src=\"/static/images/honour/038.jpg\" class=\"img-responsive center-block\">\n                </div>\n            </div>\n            <div class=\"row\">\n                <div class=\"col-xs-12 col-md-12 imgblock\">\n                    <img src=\"/static/images/honour/039.jpg\" class=\"img-responsive center-block\">\n                </div>\n            </div>\n            <div class=\"row\">\n                <div class=\"col-xs-12 col-md-12 imgblock\">\n                    <img src=\"/static/images/honour/040.jpg\" class=\"img-responsive center-block\">\n                </div>\n            </div>\n            <div class=\"row\">\n                <div class=\"col-xs-12 col-md-12 imgblock\">\n                    <img src=\"/static/images/honour/041.jpg\" class=\"img-responsive center-block\">\n                </div>\n            </div>\n            <div class=\"row\">\n                <div class=\"col-xs-12 col-md-12 imgblock\">\n                    <img src=\"/static/images/honour/042.jpg\" class=\"img-responsive center-block\">\n                </div>\n            </div>','公司业绩','公司业绩'),(8,'wenhua',1,'企业文化','<h3 class=\"hytitle\">企业文化</h3>\n            <hr>\n            <div class=\"row\">\n                <div class=\"col-xs-12 col-md-12 imgblock\">\n                    <img src=\"/static/images/wenhua/wh001.jpg\" class=\"img-responsive center-block\">\n                </div>\n            </div>\n            <div class=\"row\">\n                <div class=\"col-xs-12 col-md-12 imgblock\">\n                    <img src=\"/static/images/wenhua/wh002.jpg\" class=\"img-responsive center-block\">\n                </div>\n            </div>\n            <div class=\"row\">\n                <div class=\"col-xs-12 col-md-12 imgblock\">\n                    <img src=\"/static/images/wenhua/wh003.jpg\" class=\"img-responsive center-block\">\n                </div>\n            </div>\n            <div class=\"row\">\n                <div class=\"col-xs-12 col-md-12 imgblock\">\n                    <img src=\"/static/images/wenhua/wh004.jpg\" class=\"img-responsive center-block\">\n                </div>\n            </div>\n            <div class=\"row\">\n                <div class=\"col-xs-12 col-md-12 imgblock\">\n                    <img src=\"/static/images/wenhua/wh005.jpg\" class=\"img-responsive center-block\">\n                </div>\n            </div>\n            <div class=\"row\">\n                <div class=\"col-xs-12 col-md-12 imgblock\">\n                    <img src=\"/static/images/wenhua/wh006.jpg\" class=\"img-responsive center-block\">\n                </div>\n            </div>\n        \n            <h3 class=\"hytitle\">公&nbsp;&nbsp;&nbsp;&nbsp;益</h3>\n            <hr>\n            <div class=\"row\">\n                <div class=\"col-xs-12 col-md-12 imgblock\">\n                    <img src=\"/static/images/gongyi/001.jpg\" class=\"img-responsive center-block\">\n                </div>\n            </div>\n            <div class=\"row\">\n                <div class=\"col-xs-12 col-md-12 imgblock\">\n                    <img src=\"/static/images/gongyi/002.jpg\" class=\"img-responsive center-block\">\n                </div>\n            </div>\n            <div class=\"row\">\n                <div class=\"col-xs-12 col-md-12 imgblock\">\n                    <img src=\"/static/images/gongyi/003.jpg\" class=\"img-responsive center-block\">\n                </div>\n            </div>\n            <div class=\"row\">\n                <div class=\"col-xs-12 col-md-12 imgblock\">\n                    <img src=\"/static/images/gongyi/004.jpg\" class=\"img-responsive center-block\">\n                </div>\n            </div>\n            <div class=\"row\">\n                <div class=\"col-xs-12 col-md-12 imgblock\">\n                    <img src=\"/static/images/gongyi/005.jpg\" class=\"img-responsive center-block\">\n                </div>\n            </div>\n            <div class=\"row\">\n                <div class=\"col-xs-12 col-md-12 imgblock\">\n                    <img src=\"/static/images/gongyi/006.jpg\" class=\"img-responsive center-block\">\n                </div>\n            </div>\n            <div class=\"row\">\n                <div class=\"col-xs-12 col-md-12 imgblock\">\n                    <img src=\"/static/images/gongyi/007.jpg\" class=\"img-responsive center-block\">\n                </div>\n            </div>\n            <div class=\"row\">\n                <div class=\"col-xs-12 col-md-12 imgblock\">\n                    <img src=\"/static/images/gongyi/008.jpg\" class=\"img-responsive center-block\">\n                </div>\n            </div>','企业文化','企业文化'),(9,'realview',1,'实景展示','<h3 class=\"hytitle\">实景展示</h3>\n            <div class=\"row\">\n                <div class=\"col-xs-12 col-md-12 imgblock\">\n                    <img src=\"/static/images/realview/001.jpg\" class=\"img-responsive center-block\">\n                </div>\n            </div>\n            <div class=\"row\">\n                <div class=\"col-xs-12 col-md-12 imgblock\">\n                    <img src=\"/static/images/realview/002.jpg\" class=\"img-responsive center-block\">\n                </div>\n            </div>\n            <div class=\"row\">\n                <div class=\"col-xs-12 col-md-12 imgblock\">\n                    <img src=\"/static/images/realview/003.jpg\" class=\"img-responsive center-block\">\n                </div>\n            </div>\n            <div class=\"row\">\n                <div class=\"col-xs-12 col-md-12 imgblock\">\n                    <img src=\"/static/images/realview/004.jpg\" class=\"img-responsive center-block\">\n                </div>\n            </div>\n            <div class=\"row\">\n                <div class=\"col-xs-12 col-md-12 imgblock\">\n                    <img src=\"/static/images/realview/005.jpg\" class=\"img-responsive center-block\">\n                </div>\n            </div>\n            <div class=\"row\">\n                <div class=\"col-xs-12 col-md-12 imgblock\">\n                    <img src=\"/static/images/realview/006.jpg\" class=\"img-responsive center-block\">\n                </div>\n            </div>\n            <div class=\"row\">\n                <div class=\"col-xs-12 col-md-12 imgblock\">\n                    <img src=\"/static/images/realview/007.jpg\" class=\"img-responsive center-block\">\n                </div>\n            </div>\n            <div class=\"row\">\n                <div class=\"col-xs-12 col-md-12 imgblock\">\n                    <img src=\"/static/images/realview/008.jpg\" class=\"img-responsive center-block\">\n                </div>\n            </div>\n            <div class=\"row\">\n                <div class=\"col-xs-12 col-md-12 imgblock\">\n                    <img src=\"/static/images/realview/009.jpg\" class=\"img-responsive center-block\">\n                </div>\n            </div>\n            <div class=\"row\">\n                <div class=\"col-xs-12 col-md-12 imgblock\">\n                    <img src=\"/static/images/realview/010.jpg\" class=\"img-responsive center-block\">\n                </div>\n            </div>\n            <div class=\"row\">\n                <div class=\"col-xs-12 col-md-12 imgblock\">\n                    <img src=\"/static/images/realview/011.jpg\" class=\"img-responsive center-block\">\n                </div>\n            </div>\n            <div class=\"row\">\n                <div class=\"col-xs-12 col-md-12 imgblock\">\n                    <img src=\"/static/images/realview/012.jpg\" class=\"img-responsive center-block\">\n                </div>\n            </div>\n        \n            <h3 class=\"hytitle\">企业未来</h3>\n            <p>生产基地积极建设中</P>\n            <div class=\"row\">\n                <div class=\"col-xs-12 col-md-12 imgblock\">\n                    <img src=\"/static/images/weilai/001.jpg\" class=\"img-responsive center-block\">\n                </div>\n            </div>\n            <div class=\"row\">\n                <div class=\"col-xs-12 col-md-12 imgblock\">\n                    <img src=\"/static/images/weilai/002.jpg\" class=\"img-responsive center-block\">\n                </div>\n            </div>\n            <div class=\"row\">\n                <div class=\"col-xs-12 col-md-12 imgblock\">\n                    <img src=\"/static/images/weilai/003.jpg\" class=\"img-responsive center-block\">\n                </div>\n            </div>\n            <div class=\"row\">\n                <div class=\"col-xs-12 col-md-12 imgblock\">\n                    <img src=\"/static/images/weilai/004.jpg\" class=\"img-responsive center-block\">\n                </div>\n            </div>\n            <div class=\"row\">\n                <div class=\"col-xs-12 col-md-12 imgblock\">\n                    <img src=\"/static/images/weilai/005.jpg\" class=\"img-responsive center-block\">\n                </div>\n            </div>\n            <div class=\"row\">\n                <div class=\"col-xs-12 col-md-12 imgblock\">\n                    <img src=\"/static/images/weilai/006.jpg\" class=\"img-responsive center-block\">\n                </div>\n            </div>\n            <div class=\"row\">\n                <div class=\"col-xs-12 col-md-12 imgblock\">\n                    <img src=\"/static/images/weilai/007.jpg\" class=\"img-responsive center-block\">\n                </div>\n            </div>\n            <div class=\"row\">\n                <div class=\"col-xs-12 col-md-12 imgblock\">\n                    <img src=\"/static/images/weilai/008.jpg\" class=\"img-responsive center-block\">\n                </div>\n            </div>\n            <div class=\"row\">\n                <div class=\"col-xs-12 col-md-12 imgblock\">\n                    <img src=\"/static/images/weilai/009.jpg\" class=\"img-responsive center-block\">\n                </div>\n            </div>','实景展示','实景展示');
/*!40000 ALTER TABLE `heyi_page` ENABLE KEYS */;
UNLOCK TABLES;

--
-- Table structure for table `heyi_product`
--

DROP TABLE IF EXISTS `heyi_product`;
/*!40101 SET @saved_cs_client     = @@character_set_client */;
/*!40101 SET character_set_client = utf8 */;
CREATE TABLE `heyi_product` (
  `id` mediumint(8) unsigned NOT NULL AUTO_INCREMENT,
  `cat_id` smallint(5) NOT NULL DEFAULT '0',
  `product_name` varchar(150) NOT NULL DEFAULT '',
  `price` decimal(10,2) unsigned NOT NULL DEFAULT '0.00',
  `defined` text NOT NULL,
  `content` longtext NOT NULL,
  `product_image` varchar(255) NOT NULL DEFAULT '',
  `keywords` varchar(255) NOT NULL DEFAULT '',
  `add_time` int(10) unsigned NOT NULL DEFAULT '0',
  `description` varchar(255) NOT NULL DEFAULT '',
  `home_sort` varchar(2) NOT NULL DEFAULT '',
  PRIMARY KEY (`id`)
) ENGINE=InnoDB AUTO_INCREMENT=40 DEFAULT CHARSET=utf8;
/*!40101 SET character_set_client = @saved_cs_client */;

--
-- Dumping data for table `heyi_product`
--

LOCK TABLES `heyi_product` WRITE;
/*!40000 ALTER TABLE `heyi_product` DISABLE KEYS */;
INSERT INTO `heyi_product` VALUES (16,11,'HY-9115-2 电动液压篮球架',0.00,'','<p style=\"line-height: 19.2000007629395px;\"><strong style=\"color: rgb(0, 0, 255); line-height: 19.2000007629395px;\"><span style=\"color:#000000\"><span style=\"font-size: 18px;\"><strong>篮球架的规格参数</strong>：</span></span></strong></p><p style=\"line-height: 19.2000007629395px;\"><span style=\"color: rgb(0, 0, 255);\"><strong><span style=\"font-size: 16px;\"><strong></strong></span></strong></span></p><p align=\"left\">\r\n	<span style=\"color:#000000;font-size:24px\"><span style=\"font-size: 14px\"><span style=\"font-family: tahoma, geneva, sans-serif\">①篮板：钢化透明玻璃篮板，采用双层高强度安全防爆钢化玻璃制成，外围为铝合金框（坚固耐用），配防护胶条，具有透明度高，抗冲击力强，外形美观大方，安全防护性能好等特点。</span></span></span></p><p align=\"left\">\r\n	<span style=\"color:#000000;font-size:24px\"><span style=\"font-size: 14px\"><span style=\"font-family: tahoma, geneva, sans-serif\">尺寸:1.8×1.05米为国际标准，完全胜任灌篮和其他激烈的运动。</span></span></span></p><p align=\"left\">\r\n	<span style=\"color:#000000;font-size:24px\"><span style=\"font-size: 14px\"><span style=\"font-family: tahoma, geneva, sans-serif\">②篮球架的伸臂：篮球架的伸臂有3.25米和2.25米两种规格。</span></span></span></p><p align=\"left\">\r\n	<span style=\"color:#000000;font-size:24px\"><span style=\"font-size: 14px\"><span style=\"font-family: tahoma, geneva, sans-serif\">③篮球架的底座尺寸2M*1M</span></span></span></p><p align=\"left\">\r\n	<span style=\"color:#000000;font-size:24px\"><span style=\"font-size: 14px\"><span style=\"font-family: tahoma, geneva, sans-serif\">④篮圈：又叫篮球框，内径为0.15米，漆成橙色，篮圈顶面成水平，固定在与篮板两垂直边的距离相等的位置，篮圈上沿与篮球板黑边上沿对齐。配优质篮球网。</span></span></span></p><p align=\"left\">\r\n	<span style=\"color:#000000;font-size:24px\"><span style=\"font-size: 14px\"><span style=\"font-family: tahoma, geneva, sans-serif\">⑤篮球架的高度：篮圈到地面标准高度为3.05米，国际标准，成人使用，适合正规比赛和训练，娱乐等。</span></span></span></p><p align=\"left\">\r\n	<span style=\"color:#000000;font-size:24px\"><span style=\"font-size: 14px\"><span style=\"font-family: tahoma, geneva, sans-serif\">⑥篮球架的颜色：绿色，蓝色，红色，亦可根据用户要求定制。</span></span></span></p><p align=\"left\">\r\n	<span style=\"color:#000000;font-size:24px\"><span style=\"font-size: 14px\"><span style=\"font-family: tahoma, geneva, sans-serif\">⑦篮球架特点：液压装置，篮球架可以折叠，需要移动时可自动升降角轮，即可轻松移动。</span></span></span></p><p>\r\n	<span style=\"color:#000000;font-size:24px\"><span style=\"font-size: 14px\"><span style=\"font-family: tahoma, geneva, sans-serif\">⑧使用场所包括：大中小型企业、事业单位、政府部门、军队、大中专院校、中小学、小区、娱乐场所等。</span></span></span></p><p>\r\n	<span style=\"color:#000000;font-size:24px\"><span style=\"font-size: 14px\"><span style=\"font-family: tahoma, geneva, sans-serif\">⑨\r\n篮球架的形成：电动液压篮球架是根据国际标准篮联篮球竞赛的最新规则（1998-2002年）研制而成的最新产品。它选择起点高，始终遵循国际篮球联合会\r\n（FIBA）标准，集十多年生产制造之经验，采用新格调设计理念，打破传统简陋之形象，运用液压、弹性原理等新技术，引用先进的工艺制造而成。</span></span></span></p><p><span style=\"color:#000000;font-size:24px\"><span style=\"font-size: 14px\"><span style=\"font-family: tahoma, geneva, sans-serif\"></span></span></span></p><p align=\"left\">\r\n	<span style=\"color:#000000\"><strong><span style=\"font-size: 14px\"><span style=\"font-family: tahoma, geneva, sans-serif\">产品特点：</span></span></strong></span><span style=\"font-size: 14px\"><span style=\"font-family: tahoma, geneva, sans-serif\"><br/></span></span></p><p align=\"left\"><span style=\"color:#000000\"><span style=\"font-size: 14px\"><span style=\"font-family: tahoma, geneva, sans-serif\"><span style=\"font-size:24px\"><span style=\"font-size: 14px\"><span style=\"font-family: tahoma, geneva, sans-serif\">①</span></span></span>该产品可完成篮球架底座升起，行走，定位动作，实现上支架部位收缩、升降，篮板垂直平衡，篮圈高度调节之功能，并配有保险安全机构，用以确保篮球架在其使用过程中的平衡安全等条件。</span></span><span style=\"font-size: 14px\"><span style=\"font-family: tahoma, geneva, sans-serif\"><br/></span></span></span></p><p align=\"left\"><span style=\"color:#000000\"><span style=\"font-size: 14px\"><span style=\"font-family: tahoma, geneva, sans-serif\"><span style=\"font-size:24px\"><span style=\"font-size: 14px\"><span style=\"font-family: tahoma, geneva, sans-serif\">②</span></span></span>产品通用性广，在无电源时，仍然实现走轮及上支架的升起或收缩，确保正常使用。</span></span><span style=\"font-size: 14px\"><span style=\"font-family: tahoma, geneva, sans-seriffont-size:24px\"><span style=\"font-size: 14px\"><span style=\"font-family: tahoma, geneva, sans-serif\"><br/></span></span></span></span></span></p><p align=\"left\"><span style=\"color:#000000\"><span style=\"font-size: 14px\"><span style=\"font-family: tahoma, geneva, sans-serif\"><span style=\"font-size:24px\"><span style=\"font-size: 14px\"><span style=\"font-family: tahoma, geneva, sans-serif\">③</span></span></span>此款篮球架配优质透明钢化玻璃篮板，弹性篮圈（满足扣篮）。外观大气新颖独特，抗冲击力强，后配重安全稳定性能好。另外篮球架外表做了防锈处理，采用进口塑粉静电喷涂，工艺颜色鲜亮外表美观、硬度好。</span></span></span></p><p style=\"line-height: 19.2000007629395px;\"></p><p><span style=\"font-size: 16px;\"></span></p><p><br/><span style=\"font-size: 16px;\"></span></p><p><span style=\"font-size: 16px;\"></span></p><div style=\"line-height: 19.2000007629395px;\"><p><span style=\"font-size: 16px;\">图文展示</span></p><p style=\"text-align: center;\"><span style=\"font-size: 16px;\"><img src=\"http://www.hy-chn.cn/images/upload/20150429/1430294541851.jpg\" _src=\"http://www.hy-chn.cn/images/upload/20150429/1430294541851.jpg\"/></span></p><p><span style=\"font-size: 16px;\"></span></p><p><br/></p></div><p><br/></p><p></p>','images/product/16.jpg','合一,HY-9115,电动液压篮球架,篮球架',1430034437,'合一 HY-9115-2 高档电动液压篮球架',''),(19,36,'HY-9611-1单联平步机',0.00,'','<p><span style=\"font-size:18px;color:#ff0000\">产品品牌：合一牌</span></p><p><span style=\"font-size:18px;color:#ff0000\">产品编码：HY9611</span></p><p><span style=\"font-size:18px;color:#ff0000\">产品名称：单联平步机</span></p><p><span style=\"font-size:18px;color:#ff0000\">产品材质：质国标壁厚为2.5mm钢管</span></p><p><span style=\"font-size:18px;color:#ff0000\">焊接工艺：器材所有焊口都经二氧化碳焊机焊接而成，从而更保证了器材的安全性！</span></p><p><span style=\"font-size:18px;color:#ff0000\">表面处理：经高压抛丸除锈后采用静电喷塑工艺处理，保证三年内不掉漆不褪色！</span></p><p><span style=\"font-size:18px;color:#ff0000\">适用人群：老少皆宜！（儿童需在成人监护下使用）老年人需按器材说明进行锻炼！</span></p><p style=\"text-align: left; margin-top: 1.12em; margin-bottom: 1.12em; color: rgb(0, 0, 0); font-family: tahoma, arial, 宋体, sans-serif; font-size: 14px; line-height: 21px;\"><strong>实拍效果</strong></p><p style=\"text-align: left; margin-top: 1.12em; margin-bottom: 1.12em; color: rgb(0, 0, 0); font-family: tahoma, arial, 宋体, sans-serif; font-size: 14px; line-height: 21px;\"><img src=\"http://www.hy-chn.cn/images/upload/20150523/14323498145417.jpg\" _src=\"http://www.hy-chn.cn/images/upload/20150523/14323498145417.jpg\"/></p>','images/product/19.jpg','合一,HY-9611-1,单联平步机',1432349506,'合一牌HY-9611-1单联平步机',''),(20,11,'HY-9115-1 手动液压篮球架',0.00,'','<h4><span style=\"font-size:24px\"><strong>产品参数：</strong></span></h4><p><span style=\"font-size:16px;color:#ff0000\">产品名称：手动液压篮球架</span></p><p><span style=\"font-size:16px;color:#ff0000\">规格型号：HY-9115-1</span></p><p><span style=\"font-size:16px;color:#ff0000\">外形尺寸(长 * 宽 * 高)：5500(mm) * 1800(mm) * 4500(mm)</span></p><p><span style=\"font-size:16px;color:#ff0000\">主要承载立柱材料及尺寸：120mm * 280mm * 3.0mm</span></p><p><span style=\"line-height: 19.2000007629395px;font-size:16px;color:#ff0000\">主要承载横梁材料及尺寸：100mm * 200mm * 3.0mm</span></p><p><span style=\"font-size:16px;color:#ff0000\">安装方式：移动式</span></p><p><span style=\"font-size:16px;color:#ff0000\">底座前端到球场边线的距离：2000mm</span></p><p><span style=\"font-size:16px;color:#ff0000\">底座尺寸(<span style=\"line-height: 19.2000007629395px;\">长 * 宽</span>)：2400mm * 1200mm</span></p><p><br/></p>','images/product/20.jpg','合一,HY-9115,手动液压篮球架',1432357346,'合一 HY-9115-1 手动液压篮球架',''),(21,36,'HY-9602健骑机',0.00,'','<p><img src=\"http://www.hy-chn.cn/images/upload/20150607/14336563055663.png\" _src=\"http://www.hy-chn.cn/images/upload/20150607/14336563055663.png\"/></p>','images/product/1433656348.jpg','HY-9602健骑机',1433656309,'HY-9602健骑机',''),(22,36,'HY-9617太极揉推器',0.00,'','<p><img src=\"http://www.hy-chn.cn/images/upload/20150607/14336565726814.png\" _src=\"http://www.hy-chn.cn/images/upload/20150607/14336565726814.png\"/></p>','images/product/22.jpg','HY-9617太极揉推器',1433656623,'HY-9617太极揉推器',''),(23,36,'HY-9603-上肢支撑训练器',0.00,'','<p><img src=\"http://www.hy-chn.cn/images/upload/20150607/14336584238636.png\" _src=\"http://www.hy-chn.cn/images/upload/20150607/14336584238636.png\"/></p>','images/product/23.jpg','HY-9603-上肢支撑训练器',1433658433,'HY-9603-上肢支撑训练器',''),(24,36,'HY-9603-双人大转轮',0.00,'','<p><img src=\"http://www.hy-chn.cn/images/upload/20150607/14336584624472.png\" _src=\"http://www.hy-chn.cn/images/upload/20150607/14336584624472.png\"/></p>','images/product/24.jpg','HY-9603-双人大转轮',1433658469,'HY-9603-双人大转轮',''),(25,36,'HY-9604-二人蹬力器',0.00,'','<p><img src=\"http://www.hy-chn.cn/images/upload/20150607/14336584974441.png\" _src=\"http://www.hy-chn.cn/images/upload/20150607/14336584974441.png\"/></p>','images/product/25.jpg','HY-9604-二人蹬力器',1433658507,'HY-9604-二人蹬力器',''),(26,36,'HY-9619-随圆漫步机',0.00,'','<p><img src=\"http://www.hy-chn.cn/images/upload/20150607/14336585395997.png\" _src=\"http://www.hy-chn.cn/images/upload/20150607/14336585395997.png\"/></p>','images/product/26.jpg','HY-9619-随圆漫步机',1433658549,'HY-9619-随圆漫步机',''),(27,36,'HY-9625-呼拉桥',0.00,'','<p><img src=\"http://www.hy-chn.cn/images/upload/20150607/14336585767004.png\" _src=\"http://www.hy-chn.cn/images/upload/20150607/14336585767004.png\"/></p>','images/product/27.jpg','HY-9625-呼拉桥',1433658587,'HY-9625-呼拉桥',''),(28,36,'HY-9605单杠',0.00,'','<p><img src=\"http://www.hy-chn.cn/images/upload/20150607/14336586595455.png\" _src=\"http://www.hy-chn.cn/images/upload/20150607/14336586595455.png\"/></p>','images/product/28.jpg','HY-9605单杠',1433658669,'HY-9605单杠',''),(29,36,'HY-9611-1单联漫步机',0.00,'','<p><img src=\"http://www.hy-chn.cn/images/upload/20150607/1433658721558.png\" _src=\"http://www.hy-chn.cn/images/upload/20150607/1433658721558.png\"/></p>','images/product/29.jpg','HY-9611-1单联漫步机',1433658729,'HY-9611-1单联漫步机',''),(30,36,'HY-9637二联压腿架',0.00,'','<p><strong style=\"line-height: 19.2000007629395px; font-size: 16px;\">产品名称：</strong><span style=\"line-height: 19.2000007629395px; font-size: 16px;\">二联压腿器</span></p><p style=\"line-height: 19.2000007629395px;\"><span style=\"font-size: 16px;\"><strong>规格型号：</strong>HY-9637</span></p><p style=\"line-height: 19.2000007629395px;\"><span style=\"font-size: 16px;\"><strong>外形尺寸：</strong><span style=\"line-height: 19.2000007629395px;\">1820mm x 114mm x 850mm</span></span></p><p style=\"line-height: 19.2000007629395px;\"><strong style=\"font-size: 16px; line-height: 19.2000007629395px;\">主要承载立柱材料及尺寸：</strong><span style=\"font-size: 16px; line-height: 19.2000007629395px;\">钢管，直径114mm，厚度3mm</span></p><p style=\"line-height: 19.2000007629395px;\"><span style=\"font-size: 16px;\"><strong>主要承载横梁材料及尺寸：</strong>圆钢，φ32 x 3</span></p><p style=\"line-height: 19.2000007629395px;\"><span style=\"font-size: 16px;\"><strong>安装方式：</strong>直埋</span></p><p style=\"line-height: 19.2000007629395px;\"><span style=\"font-size: 16px;\"><strong>地埋深度：</strong>500mm</span></p><p style=\"line-height: 19.2000007629395px;\"><span style=\"font-size: 16px;\"><strong>地基尺寸(长 x 宽 x 高)：</strong>500mm x 500mm x 600mm</span></p><p><br/></p>','images/product/30.jpg','HY-9637二联压腿架',1433658796,'HY-9637二联压腿架',''),(31,36,'HY-9601腹肌板',0.00,'','<p><strong style=\"line-height: 19.2000007629395px; font-size: 16px;\">产品名称：</strong><span style=\"line-height: 19.2000007629395px; font-size: 16px;\">腹肌板</span></p><p style=\"line-height: 19.2000007629395px;\"><span style=\"font-size: 16px;\"><strong>规格型号：</strong>HY-9601</span></p><p style=\"line-height: 19.2000007629395px;\"><span style=\"font-size: 16px;\"><strong>外形尺寸：</strong><span style=\"line-height: 19.2000007629395px;\">150mm x 650mm x 580mm</span></span></p><p style=\"line-height: 19.2000007629395px;\"><strong style=\"font-size: 16px; line-height: 19.2000007629395px;\">主要承载立柱材料及尺寸：</strong><span style=\"font-size: 16px; line-height: 19.2000007629395px;\">钢管，直径42mm，厚度3mm</span></p><p style=\"line-height: 19.2000007629395px;\"><span style=\"font-size: 16px;\"><strong>主要承载横梁材料及尺寸：</strong>钢管，φ32 x 3</span></p><p style=\"line-height: 19.2000007629395px;\"><span style=\"font-size: 16px;\"><strong>安装方式：</strong>预埋</span></p><p style=\"line-height: 19.2000007629395px;\"><span style=\"font-size: 16px;\"><strong>地埋深度：</strong>400mm</span></p><p style=\"line-height: 19.2000007629395px;\"><span style=\"font-size: 16px;\"><strong>地基尺寸(长 x 宽 x 高)：</strong>400mm x 400mm x 500mm</span></p><hr style=\"line-height: 19.2000007629395px;\"/><p style=\"line-height: 19.2000007629395px;\"><span style=\"font-size: 18px;\"><strong>主要功能：</strong>锻炼腹部、腰部肌肉，缓解腰部背部疲劳。</span></p><p style=\"line-height: 19.2000007629395px;\"><span style=\"font-size: 18px;\"><strong>锻炼方法：</strong>锻炼者仰卧于腹肌板上，双脚勾住圆管固定下肢，双手交叉抱于脑后，腹肌用力收缩，使上体抬起，向前弯，双肘触膝。</span></p><p><br/></p>','images/product/31.jpg','HY-9601腹肌板',1433658864,'HY-9601腹肌板',''),(32,36,'HY-9607棋盘桌',0.00,'','<p><strong style=\"line-height: 19.2000007629395px; font-size: 16px;\">产品名称：</strong><span style=\"line-height: 19.2000007629395px; font-size: 16px;\">棋牌桌</span></p><p style=\"line-height: 19.2000007629395px;\"><span style=\"font-size: 16px;\"><strong>规格型号：</strong>HY-9607</span></p><p style=\"line-height: 19.2000007629395px;\"><span style=\"font-size: 16px;\"><strong>外形尺寸：</strong><span style=\"line-height: 19.2000007629395px;\">1500mm x 1500mm x 685mm</span></span></p><p style=\"line-height: 19.2000007629395px;\"><strong style=\"font-size: 16px; line-height: 19.2000007629395px;\">主要承载立柱材料及尺寸：</strong><span style=\"font-size: 16px; line-height: 19.2000007629395px;\">钢管，直径114mm，厚度3mm</span></p><p style=\"line-height: 19.2000007629395px;\"><span style=\"font-size: 16px;\"><strong>主要承载横梁材料及尺寸：</strong>圆钢，φ60 x 3</span></p><p style=\"line-height: 19.2000007629395px;\"><span style=\"font-size: 16px;\"><strong>安装方式：</strong>预埋</span></p><p style=\"line-height: 19.2000007629395px;\"><span style=\"font-size: 16px;\"><strong>地埋深度：</strong>400mm</span></p><p style=\"line-height: 19.2000007629395px;\"><span style=\"font-size: 16px;\"><strong>地基尺寸(长 x 宽 x 高)：</strong>400mm x 400mm x 500mm</span></p><p><br/></p>','images/product/32.jpg','HY-9607棋盘桌',1433658913,'HY-9607棋盘桌',''),(33,36,'HY-9609三位扭腰器',0.00,'','<p><strong style=\"line-height: 19.2000007629395px; font-size: 16px;\">产品名称：</strong><span style=\"line-height: 19.2000007629395px; font-size: 16px;\">三位扭腰器</span></p><p style=\"line-height: 19.2000007629395px;\"><span style=\"font-size: 16px;\"><strong>规格型号：</strong>HY-9609</span></p><p style=\"line-height: 19.2000007629395px;\"><span style=\"font-size: 16px;\"><strong>外形尺寸：</strong><span style=\"line-height: 19.2000007629395px;\">1230mm x 1105mm x 1190mm</span></span></p><p style=\"line-height: 19.2000007629395px;\"><strong style=\"font-size: 16px; line-height: 19.2000007629395px;\">主要承载立柱材料及尺寸：</strong><span style=\"font-size: 16px; line-height: 19.2000007629395px;\">钢管，直径114mm，厚度3mm</span></p><p style=\"line-height: 19.2000007629395px;\"><span style=\"font-size: 16px;\"><strong>主要承载横梁材料及尺寸：</strong>圆钢，φ32 x 3</span></p><p style=\"line-height: 19.2000007629395px;\"><span style=\"font-size: 16px;\"><strong>安装方式：</strong>预埋</span></p><p style=\"line-height: 19.2000007629395px;\"><span style=\"font-size: 16px;\"><strong>地埋深度：</strong>400mm</span></p><p style=\"line-height: 19.2000007629395px;\"><span style=\"font-size: 16px;\"><strong>地基尺寸(长 x 宽 x 高)：</strong>400mm x 400mm x 500mm</span></p><hr style=\"line-height: 19.2000007629395px;\"/><p style=\"line-height: 19.2000007629395px;\"><span style=\"font-size: 18px;\"><strong>主要功能：</strong>增加身体的血液循环，促进新陈代谢；活动腰部关节，增强腰侧肌群的柔韧性和心肺功能。</span></p><p style=\"line-height: 19.2000007629395px;\"><span style=\"font-size: 18px;\"><strong>锻炼方法：</strong>锻炼者双脚平稳站在圆形踏板上，双手握紧扶手，上身保持不动，腰部以下左右转动腰下肢体。每运动位限1人使用。</span></p><p><br/></p>','images/product/33.jpg','HY-9609三位扭腰器',1433658984,'HY-9609三位扭腰器',''),(34,36,'HY-9610双杠',0.00,'','<p><strong style=\"line-height: 19.2000007629395px; font-size: 16px;\">产品名称：</strong><span style=\"line-height: 19.2000007629395px; font-size: 16px;\">双杠</span></p><p style=\"line-height: 19.2000007629395px;\"><span style=\"font-size: 16px;\"><strong>规格型号：</strong>HY-9610</span></p><p style=\"line-height: 19.2000007629395px;\"><span style=\"font-size: 16px;\"><strong>外形尺寸：</strong><span style=\"line-height: 19.2000007629395px;\">2500mm x 715mm x 1510mm</span></span></p><p style=\"line-height: 19.2000007629395px;\"><strong style=\"font-size: 16px; line-height: 19.2000007629395px;\">主要承载立柱材料及尺寸：</strong><span style=\"font-size: 16px; line-height: 19.2000007629395px;\">钢管，直径114mm，厚度3mm</span></p><p style=\"line-height: 19.2000007629395px;\"><span style=\"font-size: 16px;\"><strong>主要承载横梁材料及尺寸：</strong>圆钢，φ42 x 3</span></p><p style=\"line-height: 19.2000007629395px;\"><span style=\"font-size: 16px;\"><strong>安装方式：</strong>直埋</span></p><p style=\"line-height: 19.2000007629395px;\"><span style=\"font-size: 16px;\"><strong>地埋深度：</strong>500mm</span></p><p style=\"line-height: 19.2000007629395px;\"><span style=\"font-size: 16px;\"><strong>地基尺寸(长 x 宽 x 高)：</strong>500mm x 500mm x 600mm</span></p><hr style=\"line-height: 19.2000007629395px;\"/><p style=\"line-height: 19.2000007629395px;\"><span style=\"font-size: 18px;\"><strong>主要功能：</strong>增加身体的血液循环，促进新陈代谢；增强上肢、肩部、胸部、北部肌群力量。</span></p><p style=\"line-height: 19.2000007629395px;\"><span style=\"font-size: 18px;\"><strong>锻炼方法：</strong>双手分别握杠，两臂支撑在双杠上，头正挺胸顶肩，躯干、上肢与双杠垂直，屈膝后小腿交叠于两脚的踝关节部位。肘关节慢慢弯曲，同时肩关节伸屈，合身体逐渐下降至最低位置。稍停片刻，两臂用力撑起至还原。</span></p><p><br/></p>','images/product/34.jpg','HY-9610双杠',1433659035,'HY-9610双杠',''),(35,36,'HY-9615双人秋千',0.00,'','<p><strong style=\"line-height: 19.2000007629395px; font-size: 16px;\">产品名称：</strong><span style=\"line-height: 19.2000007629395px; font-size: 16px;\">双人秋千</span></p><p style=\"line-height: 19.2000007629395px;\"><span style=\"font-size: 16px;\"><strong>规格型号：</strong>HY-9615</span></p><p style=\"line-height: 19.2000007629395px;\"><span style=\"font-size: 16px;\"><strong>外形尺寸：</strong><span style=\"line-height: 19.2000007629395px;\">3000mm x 1000mm x 2400mm</span></span></p><p style=\"line-height: 19.2000007629395px;\"><strong style=\"font-size: 16px; line-height: 19.2000007629395px;\">主要承载立柱材料及尺寸：</strong><span style=\"font-size: 16px; line-height: 19.2000007629395px;\">钢管，直径114mm，厚度3mm</span></p><p style=\"line-height: 19.2000007629395px;\"><span style=\"font-size: 16px;\"><strong>主要承载横梁材料及尺寸：</strong>圆钢，φ60 x 3</span></p><p style=\"line-height: 19.2000007629395px;\"><span style=\"font-size: 16px;\"><strong>安装方式：</strong>直埋</span></p><p style=\"line-height: 19.2000007629395px;\"><span style=\"font-size: 16px;\"><strong>地埋深度：</strong>600mm</span></p><p style=\"line-height: 19.2000007629395px;\"><span style=\"font-size: 16px;\"><strong>地基尺寸(长 x 宽 x 高)：</strong>600mm x 600mm x 700mm</span></p><hr style=\"line-height: 19.2000007629395px;\"/><p style=\"line-height: 19.2000007629395px;\"><span style=\"font-size: 18px;\"><strong>主要功能：</strong>儿童趣味性器材，提高身体灵活性和柔韧性，培养勇敢的精神。</span></p><p style=\"line-height: 19.2000007629395px;\"><span style=\"font-size: 18px;\"><strong>锻炼方法：</strong>使用者坐在秋千座上，双手紧握吊索，合理移动重心，合之有节奏前后摆动。每运动位限1人使用。</span></p><p><br/></p>','images/product/35.jpg','HY-9615双人秋千',1433659086,'HY-9615双人秋千',''),(36,36,'HY-9612-1太空漫步机',0.00,'','<p><strong style=\"line-height: 19.2000007629395px; font-size: 16px;\">产品名称：</strong><span style=\"line-height: 19.2000007629395px; font-size: 16px;\">太空漫步机</span></p><p style=\"line-height: 19.2000007629395px;\"><span style=\"font-size: 16px;\"><strong>规格型号：</strong>HY-9612-1</span></p><p style=\"line-height: 19.2000007629395px;\"><span style=\"font-size: 16px;\"><strong>外形尺寸：</strong><span style=\"line-height: 19.2000007629395px;\">1600mm x 300mm x 1200mm</span></span></p><p style=\"line-height: 19.2000007629395px;\"><strong style=\"font-size: 16px; line-height: 19.2000007629395px;\">主要承载立柱材料及尺寸：</strong><span style=\"font-size: 16px; line-height: 19.2000007629395px;\">钢管，直径60mm，厚度3mm</span></p><p style=\"line-height: 19.2000007629395px;\"><span style=\"font-size: 16px;\"><strong>主要承载横梁材料及尺寸：</strong>圆钢，φ32 x 3</span></p><p style=\"line-height: 19.2000007629395px;\"><span style=\"font-size: 16px;\"><strong>安装方式：</strong>预埋</span></p><p style=\"line-height: 19.2000007629395px;\"><span style=\"font-size: 16px;\"><strong>地埋深度：</strong>400mm</span></p><p style=\"line-height: 19.2000007629395px;\"><span style=\"font-size: 16px;\"><strong>地基尺寸(长 x 宽 x 高)：</strong>400mm x 400mm x 500mm</span></p><hr style=\"line-height: 19.2000007629395px;\"/><p style=\"line-height: 19.2000007629395px;\"><span style=\"font-size: 18px;\"><strong>主要功能：</strong>增强以肺功能，锻炼腿部耐力，对膝关节、髋关节腿部疾病有一定的康复作用。</span></p><p style=\"line-height: 19.2000007629395px;\"><span style=\"font-size: 18px;\"><strong>锻炼方法：</strong>锻炼者双手握把，两脚分踏于左右踏板上，两脚前后交替自然摆动，进行漫步动作。</span></p><p><br/></p>','images/product/36.jpg','HY-9612-1太空漫步机',1433659132,'HY-9612-1太空漫步机',''),(37,36,'HY-9618天梯',0.00,'','<p><strong style=\"line-height: 19.2000007629395px; font-size: 16px;\">产品名称：</strong><span style=\"line-height: 19.2000007629395px; font-size: 16px;\">天梯</span></p><p style=\"line-height: 19.2000007629395px;\"><span style=\"font-size: 16px;\"><strong>规格型号：</strong>HY-9618</span></p><p style=\"line-height: 19.2000007629395px;\"><span style=\"font-size: 16px;\"><strong>外形尺寸：</strong><span style=\"line-height: 19.2000007629395px;\">3030mm x 1015mm x 2370mm</span></span></p><p style=\"line-height: 19.2000007629395px;\"><strong style=\"font-size: 16px; line-height: 19.2000007629395px;\">主要承载立柱材料及尺寸：</strong><span style=\"font-size: 16px; line-height: 19.2000007629395px;\">钢管，直径114mm，厚度3mm</span></p><p style=\"line-height: 19.2000007629395px;\"><span style=\"font-size: 16px;\"><strong>主要承载横梁材料及尺寸：</strong>圆钢，φ60 x 3</span></p><p style=\"line-height: 19.2000007629395px;\"><span style=\"font-size: 16px;\"><strong>安装方式：</strong>直埋</span></p><p style=\"line-height: 19.2000007629395px;\"><span style=\"font-size: 16px;\"><strong>地埋深度：</strong>600mm</span></p><p style=\"line-height: 19.2000007629395px;\"><span style=\"font-size: 16px;\"><strong>地基尺寸(长 x 宽 x 高)：</strong>500mm x 500mm x 700mm</span></p><hr style=\"line-height: 19.2000007629395px;\"/><p style=\"line-height: 19.2000007629395px;\"><span style=\"font-size: 18px;\"><strong>主要功能：</strong>增加身体的血液循环，促进新陈代谢；增强上肢力量和腰腹部柔韧性，提高肩关节承受力，锻炼平衡能力和协调性。</span></p><p style=\"line-height: 19.2000007629395px;\"><span style=\"font-size: 18px;\"><strong>锻炼方法：</strong>锻炼者从器材侧端跳跃而上，双手紧握天梯横杆，以手代步交替前行。</span></p><p><br/></p>','images/product/37.jpg','HY-9618天梯',1433659256,'HY-9618天梯',''),(38,36,'HY-9621腰背按摩器',0.00,'','<p><strong style=\"font-size: 16px; line-height: 19.2000007629395px;\">产品名称：</strong><span style=\"font-size: 16px; line-height: 19.2000007629395px;\">腰背按摩器</span></p><p style=\"line-height: 19.2000007629395px;\"><span style=\"font-size: 16px;\"><strong>规格型号：</strong>HY-9621</span></p><p style=\"line-height: 19.2000007629395px;\"><span style=\"font-size: 16px;\"><strong>外形尺寸：</strong><span style=\"line-height: 19.2000007629395px;\">965mm x 1000mm x 1535mm</span></span></p><p style=\"line-height: 19.2000007629395px;\"><span style=\"font-size: 16px;\"><strong>主要承载立柱材料及尺寸：</strong>钢管，直径114mm，厚度3mm</span></p><p style=\"line-height: 19.2000007629395px;\"><span style=\"font-size: 16px;\"><strong>主要承载横梁材料及尺寸：</strong>圆钢，φ42 x 3</span></p><p style=\"line-height: 19.2000007629395px;\"><span style=\"font-size: 16px;\"><strong>安装方式：</strong>直埋</span></p><p style=\"line-height: 19.2000007629395px;\"><span style=\"font-size: 16px;\"><strong>地埋深度：</strong>500mm</span></p><p style=\"line-height: 19.2000007629395px;\"><span style=\"font-size: 16px;\"><strong>地基尺寸(长 x 宽 x 高)：</strong>500mm x 500mm x 600mm</span></p><hr style=\"line-height: 19.2000007629395px;\"/><p style=\"line-height: 19.2000007629395px;\"><span style=\"font-size: 18px;\"><strong>主要功能：</strong>增强腰、腿部力量，按摩腰部、背及中枢神经系统，缓解疲劳，活动神经。</span></p><p style=\"line-height: 19.2000007629395px;\"><span style=\"font-size: 18px;\"><strong>锻炼方法：</strong>1、腰部紧靠按摩柱，双手握扶手，上下拉动按摩柱进行运动。2、双脚呈马步，背靠两按摩柱，双手握扶手，身体左右运动，滚柱随背部运动而滚动。&nbsp;</span></p><p><br/></p>','images/product/38.jpg','HY-9621腰背按摩器',1433659288,'HY-9621腰背按摩器',''),(39,36,'HY-9634腿部按摩器',0.00,'','<p><span style=\"line-height: 19.2000007629395px;font-size:16pxcolor:#0070c0color:#ff0000;font-size:16px\"><strong>产品名称：</strong>腿部按摩器</span></p><p><span style=\"font-size:16pxcolor:#0070c0color:#ff0000;font-size:16px\"><strong>规格型号：</strong>HY-9634</span></p><p><span style=\"font-size:16pxcolor:#0070c0color:#ff0000;font-size:16px\"><strong>外形尺寸：</strong>600mm x 114mm x 1550mm</span></p><p><span style=\"font-size:16pxcolor:#0070c0color:#ff0000;font-size:16px\"><strong>主要承载立柱材料及尺寸：</strong>钢管，直径114mm，厚度3mm</span></p><p><span style=\"font-size:16pxcolor:#0070c0color:#ff0000;font-size:16px\"><strong>主要承载横梁材料及尺寸：</strong>铁板，φ32 x 3</span></p><p><span style=\"font-size:16pxcolor:#0070c0color:#ff0000;font-size:16px\"><strong>安装方式：</strong>直埋</span></p><p><span style=\"font-size:16pxcolor:#0070c0color:#ff0000;font-size:16px\"><strong>地埋深度：</strong>500mm</span></p><p><span style=\"font-size:16pxcolor:#0070c0color:#ff0000;font-size:16px\"><strong>地基尺寸(长 x 宽 x 高)：</strong>500mm x 500mm x 600mm</span></p><hr/><p><span style=\"font-size:18pxcolor:#0070c0color:#ff0000;font-size:18px\"><strong>主要功能：</strong>拉伸腿部肌肉韧带，提高关节柔韧性与灵活性，对下肢关节曲伸活动障碍、麻木、肌肉萎缩等有康复作用。</span></p><p><span style=\"font-size:18pxcolor:#0070c0color:#ff0000;font-size:18px\"><strong>锻炼方法：</strong>使用者手握一侧扶手，一条腿置于按摩轮上，以一定速度和力度前后拖动，使按摩轮上的凸起处充分接触和刺激腿部相关穴位，双腿交替进行运动。&nbsp;</span></p>','images/product/39.jpg','HY-9634腿部按摩器',1433659315,'HY-9634腿部按摩器','');
/*!40000 ALTER TABLE `heyi_product` ENABLE KEYS */;
UNLOCK TABLES;

--
-- Table structure for table `heyi_product_category`
--

DROP TABLE IF EXISTS `heyi_product_category`;
/*!40101 SET @saved_cs_client     = @@character_set_client */;
/*!40101 SET character_set_client = utf8 */;
CREATE TABLE `heyi_product_category` (
  `cat_id` smallint(5) NOT NULL AUTO_INCREMENT,
  `unique_id` varchar(30) NOT NULL DEFAULT '',
  `cat_name` varchar(255) NOT NULL DEFAULT '',
  `keywords` varchar(255) NOT NULL DEFAULT '',
  `description` varchar(255) NOT NULL DEFAULT '',
  `parent_id` smallint(5) NOT NULL DEFAULT '0',
  `sort` tinyint(1) unsigned NOT NULL DEFAULT '50',
  PRIMARY KEY (`cat_id`)
) ENGINE=InnoDB AUTO_INCREMENT=47 DEFAULT CHARSET=utf8;
/*!40101 SET character_set_client = @saved_cs_client */;

--
-- Dumping data for table `heyi_product_category`
--

LOCK TABLES `heyi_product_category` WRITE;
/*!40000 ALTER TABLE `heyi_product_category` DISABLE KEYS */;
INSERT INTO `heyi_product_category` VALUES (9,'lqyd','篮球运动','篮球,篮球架,篮球运动配件','合一体育原厂生产篮球架以及篮球运动相关配件。',42,1),(11,'lqj','篮球架','合一体育,篮球架','合一体育原厂生产篮球架',9,10),(13,'lqydpj','篮球运动配件','篮球运动配件','合一体育原厂生产篮球运动相关配件',9,20),(14,'ppyd','乒乓运动','乒乓运动','乒乓运动',42,5),(15,'ppz','乒乓桌','乒乓桌','乒乓桌',14,10),(16,'ppqfz','乒乓球辅件','乒乓球辅件','乒乓球辅件',14,20),(21,'yqyd','羽球运动','羽球运动','羽球运动',42,10),(22,'wqyd','网球运动','网球运动','网球运动',42,15),(23,'tjyd','田径运动','田径运动','田径运动',0,20),(24,'pbqc','跑步器材','跑步器材','跑步器材',23,50),(25,'tgqc','跳高器材',' 跳高器材',' 跳高器材',23,50),(26,'tjqc','田径器材','田径器材','田径器材',23,50),(27,'tzqc','投掷器材','投掷器材','投掷器材',23,50),(28,'tcyd','体操运动','体操运动','体操运动',0,25),(29,'pqyd','排球运动','排球运动','排球运动',42,30),(30,'pqwz','排球网柱','排球网柱','排球网柱',29,50),(31,'pqfz','排球附件','排球附件','排球附件',29,50),(32,'llyd','力量运动','力量运动','力量运动',0,35),(33,'bjyd','搏击运动','搏击运动','搏击运动',0,40),(34,'zqyd','足球运动','足球运动','足球运动',42,45),(35,'cdqc','场地器材','场地器材','场地器材',0,50),(36,'jslj','健身路径','健身路径','健身路径',0,55),(37,'ylss','游乐设施','游乐设施','游乐设施',0,60),(38,'ggss','公共设施','公共设施','公共设施',0,65),(39,'shsb','生活设备','生活设备','生活设备',38,50),(40,'jxsb','教学设备','教学设备','教学设备',38,50),(41,'sysb','商业设备','商业设备','商业设备',38,50),(42,'qiulei','球类运动','球类运动','篮球，足球，羽毛球，网球，排球，乒乓球等各种球类运动',0,1),(43,'ymq','羽毛球','羽毛球','羽毛球',21,50),(44,'ymqp','羽毛球拍','羽毛球拍','羽毛球拍',21,50),(45,'wq','网球','网球','网球',22,50),(46,'wqp','网球拍','网球拍','网球拍',22,50);
/*!40000 ALTER TABLE `heyi_product_category` ENABLE KEYS */;
UNLOCK TABLES;

--
-- Table structure for table `heyi_show`
--

DROP TABLE IF EXISTS `heyi_show`;
/*!40101 SET @saved_cs_client     = @@character_set_client */;
/*!40101 SET character_set_client = utf8 */;
CREATE TABLE `heyi_show` (
  `id` smallint(5) unsigned NOT NULL AUTO_INCREMENT,
  `show_name` varchar(60) NOT NULL DEFAULT '',
  `show_link` varchar(255) NOT NULL DEFAULT '',
  `show_img` varchar(255) NOT NULL,
  `type` varchar(10) NOT NULL,
  `sort` tinyint(1) unsigned NOT NULL DEFAULT '50',
  PRIMARY KEY (`id`)
) ENGINE=InnoDB AUTO_INCREMENT=12 DEFAULT CHARSET=utf8;
/*!40101 SET character_set_client = @saved_cs_client */;

--
-- Dumping data for table `heyi_show`
--

LOCK TABLES `heyi_show` WRITE;
/*!40000 ALTER TABLE `heyi_show` DISABLE KEYS */;
INSERT INTO `heyi_show` VALUES (9,'实木篮球架','','/static/images/slide03.jpg','pc',10),(10,'广告图片03','','/static/images/slide01.jpg','pc',3),(11,'广告图片04','','/static/images/slide02.jpg','pc',4);
/*!40000 ALTER TABLE `heyi_show` ENABLE KEYS */;
UNLOCK TABLES;
/*!40103 SET TIME_ZONE=@OLD_TIME_ZONE */;

/*!40101 SET SQL_MODE=@OLD_SQL_MODE */;
/*!40014 SET FOREIGN_KEY_CHECKS=@OLD_FOREIGN_KEY_CHECKS */;
/*!40014 SET UNIQUE_CHECKS=@OLD_UNIQUE_CHECKS */;
/*!40101 SET CHARACTER_SET_CLIENT=@OLD_CHARACTER_SET_CLIENT */;
/*!40101 SET CHARACTER_SET_RESULTS=@OLD_CHARACTER_SET_RESULTS */;
/*!40101 SET COLLATION_CONNECTION=@OLD_COLLATION_CONNECTION */;
/*!40111 SET SQL_NOTES=@OLD_SQL_NOTES */;

-- Dump completed on 2015-12-29 16:43:18
